term,document_count,mean_tfidf
url,3665,0.06871060758624442
number,1480,0.06478495165117586
stock,324,0.01622839936989584
market,305,0.014942016646736497
user,237,0.013220708506448938
new,260,0.012512926523748637
earnings,240,0.012481247933676772
economy,247,0.012438123612681979
announces,196,0.011629707375289745
business,192,0.010921576657615423
quarter,164,0.01088293287365467
second,150,0.010182110952754994
price,202,0.010137349620882696
finance,166,0.009973581326499252
stockmarket,164,0.009718434735020029
result,152,0.009580563014409963
trading,161,0.009529259428584966
say,204,0.009255465820493053
call,150,0.009162507377811274
bank,177,0.008980616145126324
inflation,181,0.008798301950042487
investing,134,0.008520789375052837
company,161,0.008519580726084231
report,143,0.008465952449578602
rate,156,0.008078847316324134
dividend,89,0.007872516848756872
revenue,112,0.00759165257688214
year,159,0.007496955632954704
first,132,0.007460358670952113
financial,113,0.007359051861813216
energy,120,0.006870970447441247
share,104,0.006417500215273749
uk,112,0.006300311829507228
investor,113,0.006246305374710838
declares,64,0.006217588933475963
china,117,0.0060215077852412415
oil,101,0.005973597761409653
eps,86,0.005958854593052569
global,108,0.005947494622580294
wire,25,0.005901347379953273
june,96,0.0056715464245470784
week,111,0.005650548254533273
growth,93,0.005600240506827753
conference,70,0.005536718225451414
beat,58,0.00536767414575008
ceo,90,0.005325193221038938
next,98,0.005189133617256497
sale,83,0.0049495517304335365
high,81,0.004934674134734753
billion,92,0.004898573184790053
month,97,0.004882555062636575
group,76,0.0048374816268353426
fund,73,0.004827425721311243
recession,77,0.004794211989223992
president,83,0.004743019401547199
spy,70,0.004702274262755241
gas,86,0.004650317020721061
future,69,0.004642794419909903
raise,68,0.0045333782820573655
service,69,0.004490380735287487
release,58,0.004467043757938128
buy,66,0.00444749756715241
deal,77,0.00440267550649243
fed,75,0.004326702471016437
technology,60,0.004320873749840575
may,78,0.0042786354283831565
back,71,0.004265824335328963
plan,74,0.004237265162169125
million,69,0.004229294905738442
could,77,0.004165679583527647
time,70,0.004134708913111757
capital,56,0.004133239747857417
via,76,0.004100069231474869
said,80,0.004098708970805005
day,66,0.00408959684510478
interest,68,0.004054059703661454
european,67,0.004046710842687797
watch,69,0.004009096697439303
chief,55,0.004003255150594791
data,67,0.004000684011145575
july,62,0.003982780618795558
see,72,0.00397997075455367
central,73,0.003946785924796267
take,71,0.003879353503479474
cut,66,0.003837650044657092
partner,47,0.003834810789599981
investment,57,0.0038187286233232246
one,66,0.003807501814003015
hike,60,0.003787511786053586
musk,58,0.0037257740747500077
russia,65,0.0037167594667562006
august,46,0.0036775123568204746
open,44,0.003674729780485849
higher,60,0.003639401716167123
launch,48,0.0036361014660722434
europe,64,0.0036343072525436195
crypto,50,0.0036029614024179683
economic,64,0.003600315615767908
gaap,38,0.0035552340427197136
industry,61,0.0035503848081495466
hit,49,0.003540573688133605
get,55,0.0035057275900846198
est,39,0.0034911105463041278
government,63,0.003469838159680652
record,60,0.003445474246863551
dollar,53,0.0034434932195810085
rise,52,0.003443103822349135
home,48,0.003436656102988554
announce,43,0.00342833259287503
risk,55,0.003421233504564087
big,54,0.0034110025410504885
firm,49,0.003391826917467024
trade,47,0.003385369646941405
according,66,0.0033363909721792133
corporation,41,0.0033121576392332224
supply,58,0.003299312596160897
low,51,0.0032878335146905857
holding,46,0.0032773144683281084
top,54,0.0032308776310172632
profit,43,0.0032247252318460514
since,56,0.003207096991135276
fall,43,0.0031988225020404388
last,59,0.003191104175589859
index,47,0.0031752071088032266
set,46,0.003174763444098606
latest,50,0.00317468600286733
country,62,0.0031499875963211014
spx,42,0.0031482260921673003
world,50,0.0031426434763014628
close,43,0.0031412297936121636
amid,50,0.003134809303063083
point,50,0.0031217655367790525
minister,58,0.00312011442946962
gain,45,0.003115803400049977
state,54,0.003107758729647289
biden,55,0.003088625311627011
look,42,0.0030812122093278704
demand,54,0.0030752608324041255
update,42,0.0030667837306100516
key,52,0.0030361136903374825
street,48,0.0030355942235641715
today,46,0.0030099517279254338
ahead,46,0.002990831838844147
officer,34,0.0029850106504315946
miss,33,0.00296502417959884
prime,52,0.00295776475772962
ecb,39,0.0029510451851793617
agreement,41,0.0029440518758918417
quarterly,34,0.0029390456663671316
management,40,0.0029150754629613416
solution,35,0.0029149152133689585
still,45,0.002914428989073596
cost,49,0.0028517383103476837
production,40,0.002847080681144983
consumer,45,0.0028241149528744946
support,49,0.002811965771815955
go,39,0.0028106184728319554
pre,39,0.0027789475724649387
twitter,42,0.002771273549011932
outlook,42,0.002764291883027318
former,51,0.0027584960342509385
strong,36,0.002745184363581628
elon,43,0.0027359688508149715
bond,41,0.002734380413503473
regulatory,38,0.0027294848303902955
announcement,35,0.0027188334071527025
contract,37,0.002708992816618783
increase,41,0.0027058087645609012
tesla,37,0.0026779049094853603
trust,31,0.002677156650098059
tech,36,0.0026713952860963983
platform,39,0.002654043913412942
security,39,0.00265280077760579
policy,46,0.0026500028937842188
date,30,0.002648230878899867
two,46,0.0026408009895362693
even,45,0.002624443449522997
expands,32,0.0026224299657980244
system,39,0.0026133043273242835
expected,43,0.002613029313878224
apple,35,0.0025932666912037417
netflix,37,0.00259224422332459
american,39,0.002589678705370765
asset,37,0.002584892593958394
early,36,0.002584785461094986
health,31,0.002574116083782025
etf,31,0.0025692303169337957
level,41,0.002564488137586402
cash,32,0.002562080477213808
play,35,0.002557800104693002
pay,37,0.002531357806454952
india,37,0.002525619630588712
move,40,0.0025207989385920716
lower,37,0.0025125053023042957
qqq,40,0.0024760711959079212
power,41,0.002473377955202485
people,39,0.0024730870836915625
sign,35,0.002437892100004621
japan,32,0.002422817852305723
nflx,28,0.0024203181756943764
america,32,0.0024179992553064493
good,37,0.002411676646931526
leader,39,0.002408364132835665
estimate,33,0.002386443619243736
across,39,0.0023671175213147394
option,31,0.0023657812816454057
change,37,0.0023512732330597023
way,36,0.0023501635440814302
amazon,33,0.002345244004650905
green,29,0.0023382785940375423
drop,33,0.002335961570584205
goldman,32,0.002330826051168681
loss,36,0.002330312558796787
income,32,0.002315094701754306
value,31,0.0023105913358863086
guidance,32,0.0023006557998872463
biggest,34,0.002283874998651942
concern,36,0.0022833676653712122
wall,34,0.0022826809125329143
canada,29,0.0022772443609012888
leadership,36,0.0022645822225096143
bitcoin,27,0.0022636679297086356
prev,23,0.0022572998759523262
three,36,0.0022572110666696406
crisis,38,0.0022549362800380534
gold,25,0.002253423899632418
morgan,28,0.0022476567890890044
appoints,23,0.002246664047271303
crude,27,0.0022423198778052027
russian,38,0.0022210154271707777
eu,35,0.0022102857576978517
need,37,0.002205219179633766
right,33,0.002205186501595692
real,32,0.0022045948589113178
chinese,35,0.0021959611053756815
hold,29,0.0021932019735638867
another,33,0.0021903418514612875
property,29,0.0021894970961452605
credit,30,0.002189128008011939
electric,30,0.002187237673421574
part,36,0.0021768184895442784
analyst,31,0.0021759711067399143
target,33,0.0021599457612101673
ukraine,33,0.0021535242920878487
brand,28,0.0021522379118301366
national,32,0.0021516691394026315
international,33,0.00215117365715041
offering,27,0.002144482550941268
acquisition,27,0.002122168738577309
portfolio,27,0.002120305604408776
help,35,0.002113543882214144
major,32,0.002110049161212496
end,34,0.0021050909288858337
well,29,0.0020978351970511134
executive,29,0.002090147506795033
show,32,0.002088276293726994
euro,29,0.002087187379278938
presentation,25,0.0020850756705010813
software,26,0.0020787774112976136
equity,32,0.002071534553141211
despite,32,0.0020699851831554416
action,31,0.002061907779364561
fiscal,24,0.002057531552100785
climate,32,0.0020567593467577744
fuel,33,0.0020564537680315084
official,32,0.0020457593871628993
best,26,0.0020333413488710077
offer,28,0.0020225029090052134
rev,22,0.0020185088053177574
name,23,0.0020099668706965454
house,34,0.0020078144643812107
case,28,0.002003048266271745
trial,29,0.001999850139426039
break,27,0.001989511647062373
order,31,0.001988596639317282
head,28,0.0019850973054007267
expectation,26,0.001979784505736947
among,26,0.001978153748496924
make,32,0.0019772209257400367
debt,26,0.001970028278554773
net,26,0.0019686246797649327
potential,29,0.0019670282331360717
put,28,0.001965349147204744
york,31,0.001964952019306327
fell,33,0.001964464314863826
yield,24,0.0019638479259023447
bid,28,0.0019607626726954462
mortgage,27,0.001959276765618939
team,25,0.0019571397364653033
short,26,0.001955273497067183
city,29,0.0019450242872979917
per,24,0.0019403700507438142
food,29,0.001937999855104332
jump,24,0.0019328406543535127
would,34,0.0019296789830543727
surge,28,0.001918491581395389
sachs,26,0.0019184064140204537
join,24,0.0019143674079274335
like,31,0.0019139026777662636
going,25,0.0019074669553934547
likely,29,0.0019059874571778462
union,29,0.0019052813177293441
transcript,27,0.0018936791964897055
stanley,24,0.001892342506326662
hiring,23,0.0018885451005909405
product,25,0.0018878477714362014
cpi,27,0.001882478363145281
rose,29,0.0018791861813779313
buying,26,0.001873318734222704
half,25,0.0018720663195085465
dia,28,0.0018706679013321538
step,29,0.0018653822977992105
much,28,0.0018585261534002815
source,31,0.0018582487653904397
trump,31,0.0018569585756308704
law,31,0.001855067994493296
term,24,0.0018515465856861174
decade,27,0.0018511442192318027
talk,29,0.0018507335690947937
continues,23,0.001850468959236591
average,25,0.0018448306903059313
development,25,0.001842283265465187
natural,28,0.001840904236693314
public,26,0.0018393008207580408
keep,28,0.0018378944641954653
forecast,24,0.0018348621946862084
therapeutic,21,0.0018335075931080044
digital,27,0.0018327995259293222
decline,24,0.0018248934240773982
leading,26,0.001823319082230763
amzn,22,0.0018203292851837255
season,26,0.001816056568317109
meeting,28,0.001815609254527963
start,25,0.0018071718974566758
effort,29,0.0018062308041226704
project,26,0.0018045887522349406
activity,21,0.0018043378459303874
monthly,24,0.0017970133113913533
saudi,27,0.001787036971589489
sell,22,0.001780550757231613
airline,25,0.001771518715749318
work,26,0.0017714331059589831
currency,26,0.0017650635323594767
making,27,0.0017550004074752777
schedule,19,0.0017453392070955265
add,23,0.0017412206581788289
giant,25,0.001735971939599991
customer,24,0.001734519995427622
volume,22,0.0017278654536325877
retail,23,0.0017272459510805896
partnership,20,0.0017239470040790834
opportunity,22,0.0017233238411244632
covid,28,0.001723003923834563
slump,21,0.0017186389934231916
board,23,0.0017170164432485848
reserve,25,0.0017122914703817254
fear,26,0.0017120157871109642
getting,25,0.001710952236556949
rally,23,0.0017090565097179484
treasury,22,0.0017086329115497403
live,20,0.001699450180714183
money,23,0.0016905137298772472
following,26,0.0016715027457799236
use,25,0.001667432249469727
distribution,20,0.001663980256625331
consensus,19,0.0016620551917576054
program,22,0.0016605323090275435
private,22,0.001653553177851439
purchase,22,0.0016506204493336207
draghi,25,0.0016386162996695243
spending,25,0.0016377241023734404
preview,14,0.0016347886856553071
coming,22,0.0016337119925674446
recent,24,0.0016318088182779873
italy,24,0.0016287851933362806
office,22,0.0016254452414335668
united,22,0.0016215568636925041
white,23,0.0016206282354928327
growing,25,0.001610410611794336
regulator,24,0.0016089677556309198
vote,25,0.0016084972981142151
exchange,22,0.0016077481968458816
estate,22,0.0016058769867227458
sector,23,0.0015988549589422201
reuters,20,0.0015902094898441429
foreign,25,0.001584714151722006
win,23,0.0015836642752331946
rising,22,0.001581991161152747
air,22,0.0015809633450628057
jan,26,0.001578730635998839
network,21,0.001576342283863487
job,24,0.0015762417501770458
italian,20,0.0015735618925701914
including,27,0.001572129668421805
boost,22,0.0015501145071116437
series,20,0.001548687335327287
become,22,0.0015486339485658925
bill,24,0.0015458944168643784
monday,21,0.0015406951360000933
already,23,0.001540389256921446
region,25,0.001538364432757614
export,22,0.0015359314700963088
bbg,17,0.0015356310050697684
provide,22,0.00153543264163353
strike,23,0.0015351754364265782
vehicle,24,0.0015321460682214346
dow,21,0.0015305207238233804
expansion,19,0.0015286833092967476
decision,21,0.001524493768705149
line,18,0.001521972052860507
pandemic,23,0.0015217238408078582
shareholder,19,0.0015197876026055998
form,18,0.0015186251165506676
federal,24,0.0015176901574547141
increased,20,0.0015144227867229822
due,23,0.0015106712477442482
around,22,0.0015096181809616828
far,22,0.0015092437028683232
aapl,20,0.0015049572795365514
third,19,0.0015017057038136487
war,21,0.0014984964757814884
continue,24,0.00149786562292386
general,21,0.0014973548359290944
cloud,19,0.0014971029268349713
pressure,21,0.0014955250569595611
face,24,0.001494715460675576
rating,19,0.001493463100638892
microsoft,16,0.001488262169982149
court,22,0.001485577715744507
took,21,0.0014814399684805089
semiconductor,20,0.001472772520162855
soon,21,0.00147088217606303
bancorp,16,0.0014636965668356598
lead,21,0.0014633865405648473
come,19,0.0014632399861826137
jun,16,0.001458449428362242
tomorrow,16,0.0014575768642671693
financing,17,0.0014540039094946453
import,19,0.0014527395738429259
party,22,0.0014504083586540045
healthcare,17,0.0014498884060654051
candidate,22,0.0014472113263156862
corporate,19,0.0014455412609427304
flow,20,0.0014451641167392611
water,18,0.0014434106703678038
expand,22,0.0014403410521378278
full,22,0.001433704704920834
tax,23,0.0014246844537113869
common,18,0.0014207716661898135
annual,19,0.001419725323179725
largest,21,0.001415747358304257
pm,21,0.0014151317805813379
strategic,17,0.001413841477986099
tsla,21,0.001410591082154014
conservative,22,0.0014058678899363684
resource,17,0.0014035575814202446
lawsuit,21,0.0013993391345589225
positive,19,0.0013973081091075681
warns,20,0.0013952087488520858
science,20,0.0013944827987321313
want,21,0.0013941356585765374
slide,18,0.001389396101869795
nasdaq,21,0.0013818250573623383
better,18,0.001375835720156824
unit,17,0.001375648536291033
long,20,0.001372722449944669
know,19,0.001371921782462933
inc,15,0.0013704946832820426
medical,17,0.0013695764181854038
near,18,0.0013651636439866873
news,21,0.0013637124386439963
trader,19,0.0013567149988547083
receives,15,0.0013531582997476975
loan,16,0.00135311725109972
johnson,19,0.0013495865997361443
economist,19,0.001349494312281114
breakingviews,12,0.0013460966197297083
election,19,0.0013433874566243574
tuesday,19,0.001342906906613971
jpmorgan,18,0.001338634973941066
housing,17,0.0013385436709019785
meta,14,0.001338024448509858
fix,16,0.0013363865598897023
senate,19,0.001336158835962368
slow,18,0.0013346840362933998
chain,18,0.0013311519019602888
everything,20,0.0013285532381230784
pace,20,0.0013260546288103396
pharmaceutical,14,0.0013251281442450478
falling,18,0.001317025266043835
south,18,0.0013132104521889902
stake,18,0.0013131397635922125
previous,15,0.0013108978870126108
read,25,0.0013083010275749627
upside,17,0.0013056094726604348
member,16,0.0013052965125461482
strategy,18,0.0013040874387357409
startup,17,0.0013039300282417442
raised,17,0.001302342551659801
analysis,18,0.0013021866518895802
online,16,0.0013016967117520503
acquires,15,0.0013012538529604653
impact,17,0.001295324283417317
bet,16,0.0012924257470716962
study,16,0.0012869670232170901
mln,15,0.0012855945225033383
texas,16,0.0012847223328648935
turn,15,0.0012835484208278574
test,15,0.001283379160440782
made,19,0.0012833728781266114
bloomberg,18,0.001283235374613133
plc,15,0.0012817927666048628
discus,14,0.0012779047371359413
starting,17,0.0012768893493874528
tory,20,0.0012760283642953593
wealth,18,0.0012734836943956516
rule,18,0.0012729820464711568
ev,18,0.0012698226431315295
gap,14,0.0012696387689948737
fight,18,0.0012638018435939884
medium,17,0.0012635903465962996
host,14,0.0012629553440995473
provides,15,0.001261900874467945
chart,14,0.001258455966017835
drug,15,0.0012578837537825475
hire,13,0.0012548602550506685
stop,18,0.0012520648121851698
acquire,14,0.0012502391868742138
extend,13,0.0012493175965006549
insurance,16,0.0012431113805350979
manufacturing,18,0.0012425483149799592
nation,20,0.0012425048820724437
planned,18,0.0012413545188658872
mean,17,0.0012411648326691987
sri,17,0.0012398731466878663
asia,17,0.0012388869884879298
building,15,0.0012356408792762457
raising,19,0.0012355352678926409
great,17,0.0012350639912573123
barrel,14,0.0012338653141221036
dip,16,0.001233441453884316
secretary,17,0.0012295247064869547
arabia,17,0.0012258054402660133
ipo,15,0.0012256961617822253
msft,15,0.0012217329536456647
looking,17,0.0012214870616734691
commodity,17,0.0012094348346858993
agency,17,0.0011976694416691947
subscriber,17,0.0011964294534523075
reach,14,0.0011926341128876724
issue,16,0.0011920303069812897
accelerate,16,0.0011902752139040507
many,18,0.0011891380662450125
alert,19,0.0011866004860357916
seek,16,0.0011849757046995632
ab,12,0.001183782139956135
video,14,0.001183382184207646
phase,15,0.0011828975313160199
model,15,0.0011804855485715016
fresh,17,0.0011786411419882458
session,16,0.0011778722747816657
seen,19,0.0011777429657263139
lowest,15,0.0011767504865108345
heat,16,0.0011763938681011185
place,17,0.001171409783270146
prospect,17,0.001169714610570939
award,12,0.0011684886735218493
nice,14,0.0011684662846068417
worst,16,0.0011672727675354645
nvda,15,0.001166279650240089
household,18,0.0011613689555526419
find,15,0.0011600376594954683
ca,10,0.0011597945384682255
maker,17,0.0011585115129074735
breaking,16,0.0011569431177779854
pull,15,0.0011536398623560487
deliver,15,0.00115134790235092
begin,14,0.0011507597634880069
control,17,0.0011504900915536417
ibm,10,0.0011496677625708641
run,17,0.0011491527823811036
investigation,18,0.0011469414305794235
review,14,0.001146839776563619
fda,15,0.0011464168149918235
director,14,0.00114391365776094
soaring,18,0.001138725220228615
split,16,0.0011371678070592349
moving,15,0.0011349517013600156
gasoline,15,0.0011339975684055295
emergency,16,0.001133993437403034
wednesday,17,0.0011339359376827344
hearing,17,0.001131367436088961
provider,13,0.0011295591809483854
buyer,15,0.0011273148204246006
volatility,14,0.0011268935974574604
weekly,14,0.001126378280200988
facility,11,0.0011256702606874025
sold,14,0.0011245279067019014
smart,17,0.0011223158838657306
citigroup,15,0.0011216179018344766
community,12,0.001120794064916024
track,16,0.0011204963455189137
clear,14,0.0011162391457711503
rishi,17,0.0011149711533754699
sunak,17,0.0011149711533754699
slowing,12,0.0011084134730009224
mario,17,0.0011034711076830044
funding,15,0.001103268314626632
googl,14,0.0011027929919599055
store,15,0.0011015213945752514
budget,19,0.0011005402418329466
ai,11,0.001100465649450121
material,14,0.001097935420101545
six,17,0.0010973131341257042
compq,17,0.0010966773463178068
djia,17,0.0010966773463178068
drive,15,0.0010960939640128776
signal,13,0.001095736957555449
lanka,14,0.0010956373049936228
enterprise,12,0.0010948846059240978
banker,14,0.0010929918857223628
survey,15,0.0010926114794519994
eye,13,0.0010914463233789703
using,17,0.0010909540487173007
guide,11,0.001087559368265171
industrial,13,0.0010850311678929352
vice,13,0.001084563805420118
committee,17,0.0010798164690898724
avoid,16,0.0010792686158564479
possible,17,0.0010759120801035762
return,16,0.0010753065577478467
coin,12,0.0010737742472637021
contact,16,0.001072934430468072
gm,10,0.001070479840992672
treatment,14,0.0010701805631500956
named,12,0.0010670906399296866
space,12,0.0010665641386967707
center,13,0.001066503758034236
operating,14,0.0010644543625486398
without,15,0.001063982941725125
highest,15,0.0010638807777361143
thing,13,0.0010627666138571126
infrastructure,13,0.0010615737185933108
airport,14,0.0010615188002612735
focus,15,0.0010588963741304952
rent,10,0.0010584608577318229
allow,17,0.0010569721621481027
round,13,0.0010559010165259034
research,15,0.0010530021520294452
benefit,15,0.001052879571115501
billionaire,15,0.0010496457932706448
expects,13,0.0010474699728531107
additional,14,0.001047432090452949
might,12,0.001045736660866768
payment,13,0.0010435183888703676
application,12,0.0010420193686781123
valuation,14,0.001041524775955351
also,16,0.001041292674036814
encourages,17,0.0010410614541102041
oott,10,0.0010396982842948324
joe,16,0.0010386123105748921
therapy,11,0.0010359922486259548
social,14,0.0010358260939743065
webcast,10,0.001034491004914728
retailer,13,0.0010338470566546715
expect,13,0.001028769731672684
friday,14,0.0010284770520058418
lot,13,0.0010280489457765254
summer,14,0.0010269552736448136
cnbc,16,0.0010257007623476497
held,16,0.0010246127768570906
less,14,0.0010204803807320596
pipeline,14,0.001019959693325009
valley,11,0.00101959076760963
podcast,10,0.0010195399607983418
car,13,0.001019066098470028
gdp,12,0.0010189911876456609
merger,14,0.0010165307273193459
limited,14,0.0010160085677142355
sa,15,0.0010157819088161529
lender,13,0.0010141654512500194
little,16,0.0010129997591759744
enters,10,0.0010123091914249836
battle,13,0.001009037474999854
fast,14,0.0010086412660743663
double,12,0.001004452287810559
worth,13,0.0010022761431217133
deutsche,12,0.001000662937572825
basis,13,0.0010002822580588411
cad,8,0.00099933730399963
considering,14,0.0009983015392020004
output,14,0.0009969984980568595
progress,14,0.0009968752407319452
restaurant,11,0.0009960581633681482
whether,15,0.000994985746649294
past,12,0.0009931212561171902
turmoil,13,0.0009901502650131713
nikkei,11,0.0009825674245447203
improve,13,0.0009806555198904185
collapse,13,0.0009789700310314918
lockdown,14,0.0009775668264407266
race,14,0.0009769328498231266
imf,13,0.0009761198500747904
scanx,8,0.0009728791442418309
delivery,13,0.0009722664640874369
banking,12,0.0009722615429822312
operation,12,0.0009703642940471284
patient,13,0.0009690000475416452
continued,14,0.0009677557063402678
chip,14,0.0009676829943669553
left,13,0.000966754777509798
actual,10,0.000965440825966904
meet,13,0.0009650142101591868
battery,12,0.0009647504224995715
access,12,0.0009632745892633676
block,9,0.0009618159497146812
rtrs,12,0.0009574370673407035
capitol,16,0.0009544276006410868
amc,8,0.0009532581706394345
hard,12,0.0009513054660922631
daily,13,0.0009460961107517541
cheap,11,0.0009452283929812892
ago,12,0.0009440809006836064
twtr,12,0.0009437421341157913
family,11,0.0009428768810817071
supplier,13,0.0009426743947321542
appointment,10,0.0009419202126993542
star,11,0.0009406265181055989
strength,12,0.0009401693412398203
plunge,12,0.000936713603094171
monetary,13,0.0009361745717371734
advance,10,0.0009348660342515759
float,11,0.0009344565779359707
capacity,12,0.0009333377068143207
push,11,0.0009313092514471127
reduce,14,0.0009307468402934008
blackrock,9,0.0009306485092818901
resistance,12,0.0009304451443082143
hot,12,0.0009261489540418132
producer,12,0.0009257085327681507
venture,10,0.0009233672477585045
singapore,13,0.0009230117208691448
remains,12,0.0009210058712650607
west,12,0.0009188027685412903
solid,10,0.000912540075932094
threat,13,0.0009098499414857712
department,13,0.0009091110077062688
complete,10,0.000908488925729071
worker,12,0.0009084023305307041
stream,13,0.0009046459368077967
invesco,10,0.0009043708510109786
yet,13,0.0009020066116864761
spread,11,0.0008994151061088881
briefing,9,0.0008992879242754032
asian,12,0.0008973304900308552
downgrade,11,0.0008966404842401706
client,11,0.0008965556497601214
africa,12,0.0008962982474998876
taking,12,0.0008954531227001865
bull,10,0.000894912356261005
bad,12,0.0008947003417471445
factory,11,0.0008935187857839534
life,11,0.0008932174713421478
announced,13,0.0008916011895469066
spot,11,0.0008913803009004645
bottom,10,0.0008907953408625178
introduces,8,0.0008901467553216336
interactive,10,0.0008899930106346195
class,14,0.0008895426551912163
california,11,0.0008882958344087764
straight,11,0.0008881305213919301
beyond,12,0.0008874130679995893
behind,12,0.0008870397679365417
grow,12,0.0008867212653434533
sustainable,10,0.0008860712806680145
debate,13,0.0008855163237590178
majority,12,0.0008841225882980147
weak,11,0.0008837165802951397
buyback,10,0.0008822902999522517
labor,12,0.0008815838284295763
resort,13,0.0008814133346912126
penny,11,0.0008804498915373869
seeking,13,0.0008802925100159729
mining,8,0.0008773161213817276
interesting,10,0.0008760339892209617
governor,13,0.0008751359611229214
pharma,10,0.0008748387128202579
settlement,10,0.000873625808596787
boris,14,0.000873318678703452
reversal,12,0.0008676528517033093
putin,13,0.0008672449253800366
german,12,0.0008667436628422568
weakness,12,0.000866395295043153
shortage,12,0.0008655027510437057
sharply,13,0.000865283826749693
flight,13,0.0008645210613565691
reported,13,0.0008621847033234899
planning,12,0.000861121097969756
opinion,9,0.0008589085028893095
tool,10,0.0008586299384463156
pacific,11,0.000857940172641513
bac,10,0.0008575803268713288
automotive,10,0.0008556553830958902
invasion,11,0.0008554424425746081
sumrx,7,0.0008542050744716414
confidence,11,0.0008533698021429077
lab,10,0.0008532155831646845
summary,7,0.0008525664226553465
almost,12,0.0008519407633932649
ag,10,0.0008514415364899629
important,14,0.0008513249019856883
shift,11,0.0008507847416757077
pattern,8,0.0008500537752069669
nord,12,0.0008478095477722761
workforce,8,0.0008478035483251989
communication,9,0.0008465021101975889
csx,7,0.0008455552856097844
base,12,0.0008452847313857574
ford,9,0.0008429984051724702
invest,10,0.0008424554127796864
kkr,8,0.0008407530976141394
fine,11,0.0008400209228490957
england,11,0.0008397399579990646
travel,10,0.0008385620100224276
fargo,9,0.0008373128957635313
emission,13,0.0008353886021099232
amd,6,0.0008349024607811577
information,10,0.0008336271930416468
french,9,0.0008334710760478922
subsidiary,10,0.0008317141903329183
settle,9,0.0008296550438293023
transition,11,0.0008295223776569594
four,13,0.000828680532399179
warning,11,0.0008286028606746506
thursday,12,0.0008280642184701819
ready,11,0.000827747843546627
pilot,11,0.0008269846015182657
earlier,12,0.0008268457785883604
jpm,11,0.0008252167405757601
commercial,10,0.0008251640759758108
breakout,11,0.0008242328998605119
least,11,0.0008230968548110726
current,12,0.0008225568630733519
optnx,6,0.0008223290309077991
blue,8,0.0008221865571988938
wave,12,0.0008221364048104676
remain,11,0.0008221236205332903
bounce,12,0.0008208397579809823
solar,11,0.000817711507637146
trend,11,0.0008171548175421714
selling,10,0.0008161567981105789
milestone,9,0.0008133930022951863
targeting,12,0.0008124531355810367
october,10,0.0008123820390416952
tell,12,0.0008121590784922908
legal,12,0.0008118902932763206
si,10,0.0008113613173070885
significant,9,0.0008113314667862816
canadian,8,0.000810205173557026
authority,11,0.0008090570662424776
red,9,0.00080902541281789
liz,13,0.0008085601161943679
premarket,8,0.0008081026051643104
toward,12,0.0008071022867362865
account,10,0.0008057158309590504
mark,9,0.0008042762987657262
arrow,11,0.0008033365154922296
black,10,0.0008023960515145649
uncertainty,10,0.0008023382410141687
calling,9,0.0008013684753927824
optimism,9,0.0008012822608567917
headwind,10,0.000799889331622186
hedge,11,0.0007992838331697311
political,12,0.0007989933437781355
google,9,0.000798294436075229
park,9,0.000797008304098131
preferred,9,0.000797002438013306
let,11,0.0007965821142876083
london,11,0.0007965511927730358
claim,12,0.0007960064242668287
previously,11,0.0007943006270926168
judge,12,0.0007936939473904963
bullish,8,0.0007928820632167038
welcome,9,0.0007920817147995968
showing,9,0.0007886957952938157
cfo,8,0.0007883925191755883
advanced,10,0.0007882644014772886
september,11,0.0007881552720070301
process,11,0.000787783132079848
local,11,0.0007869426707386686
manhattan,8,0.0007857616781526927
llc,11,0.0007856416607856134
build,10,0.0007853817158966048
marketing,9,0.0007852629880468641
recovery,10,0.0007846298969378006
statement,10,0.0007844896972907165
aviation,7,0.0007836743965847688
east,10,0.0007826235013068776
la,10,0.0007803669638080984
called,11,0.0007766164677655765
farmer,9,0.0007760073371096366
hour,9,0.0007759149392917335
protection,8,0.0007742687126349933
volatile,9,0.0007734788394046901
competition,10,0.0007733382796669987
initial,10,0.0007721681020540336
core,9,0.0007714225016114119
vino,9,0.0007714083109570226
became,12,0.0007710237883347113
technical,9,0.0007708608667210268
bear,9,0.0007703700233623172
slowdown,11,0.0007702641173458172
upgrade,10,0.0007694503155953549
taiwan,9,0.0007693048755541901
area,10,0.0007682469324913615
opec,10,0.0007673314050857686
fashion,11,0.0007670282268199996
putting,11,0.0007653691412035839
transaction,8,0.0007651939478727384
celsius,9,0.0007647832592742314
list,9,0.0007647274547988969
experience,9,0.0007644499525563606
working,10,0.0007637836159864514
nearly,10,0.000762662615980229
got,9,0.000760852401769997
developer,9,0.0007608486025438704
plant,10,0.0007604095243680583
reit,7,0.0007603744627898793
moment,10,0.0007598367798361676
present,10,0.000759739897079734
logistics,7,0.0007574372975264819
crown,10,0.0007565259911172931
coffee,9,0.0007559232957522538
opening,9,0.0007555063858016768
curb,11,0.0007545831297664548
total,10,0.0007543087461475874
bioscience,8,0.0007539173746477338
construction,9,0.0007531123314075123
frn,8,0.0007526695047543409
variable,8,0.0007526695047543409
awarded,9,0.0007524457434833999
truss,12,0.0007521288808064223
multiple,7,0.0007517172983096704
brent,7,0.0007509005456476163
talking,10,0.0007508115634209488
unemployment,10,0.0007492262405535993
antitrust,10,0.000747978085975787
disease,10,0.0007470314909903442
hope,10,0.0007469059557075219
enough,9,0.0007463700885768224
siga,5,0.0007463381443080665
file,8,0.000746259044577827
direct,9,0.000744318170213834
problem,11,0.0007443061138205266
watching,8,0.0007441045579478906
design,8,0.0007437032956794658
downturn,9,0.0007419942187853505
blow,10,0.0007416105213476193
winner,8,0.0007401656318101945
stay,10,0.0007388361425460731
timing,7,0.0007381339447361823
grocery,10,0.0007353345131128761
defense,9,0.0007341306529103585
away,11,0.0007341069814522971
bancshares,7,0.0007301705278346844
registration,8,0.0007299546222010289
chase,8,0.0007296032825380409
commission,10,0.0007291642442405667
fastest,10,0.0007282912455563535
prior,10,0.0007276126596827856
mover,6,0.0007245265286660885
game,8,0.0007238696321750474
sovereign,10,0.0007237581991749334
small,10,0.0007229917564806867
exclusive,9,0.0007225635166966527
told,9,0.0007217825402751653
resume,9,0.0007214208096571258
story,8,0.0007208001659800204
leaving,10,0.0007200786956968022
strategist,9,0.0007172288751372627
succeed,11,0.0007171883604264998
jones,11,0.0007160251196158692
innovation,8,0.0007149210945469947
ice,7,0.0007149078240813596
delta,9,0.0007145308016509331
negative,9,0.0007107134995277989
force,9,0.0007103191133705785
counsel,10,0.0007095385822581864
seeing,10,0.0007094984676515601
giving,10,0.0007085737262321092
collaboration,8,0.000708139524972909
five,11,0.0007072318464554026
ubs,9,0.0007063270039751191
shanghai,10,0.0007050138466574751
package,10,0.000704754099112893
warned,10,0.0007040473307794132
delay,9,0.0007018437558093741
reading,9,0.0007007786909389278
renewable,8,0.0007002628435675437
performance,9,0.00070003388705072
school,8,0.0006999708829051207
copper,9,0.0006998997763729416
unusual,7,0.0006995218557531001
staff,9,0.0006992166476285456
qcom,5,0.0006991378410701822
gainer,8,0.0006989911074971551
sustainability,7,0.0006987692402910816
auto,8,0.0006983892954563829
approval,8,0.0006978310749927222
university,7,0.0006963547103865461
position,10,0.0006962105613261429
division,10,0.0006917343560923536
mixed,8,0.0006916481600234715
cap,10,0.0006911680262083205
massive,8,0.0006905605996385707
coal,10,0.0006904057757988734
chance,8,0.000690138881977048
tsm,7,0.0006901246878142436
human,9,0.0006896896933610615
preliminary,10,0.0006883271554821125
alternative,8,0.000684815090448932
britain,9,0.0006846285354150756
takeover,9,0.0006838151836423405
vix,4,0.0006835758807655269
silver,8,0.000683447958543963
safety,8,0.0006832027654964726
patience,7,0.0006823830848577449
received,9,0.0006823261237419345
senior,8,0.0006820322016510487
ever,9,0.0006808420728627674
yesterday,9,0.0006796558054235572
investigating,11,0.0006789779998426599
added,9,0.0006767817131769175
rival,10,0.0006762070760636216
rupee,9,0.0006760717801123562
regional,9,0.0006760445554835123
card,8,0.0006757191964346743
becoming,9,0.0006756962718416365
role,9,0.0006755158533636759
trip,9,0.0006750968355955701
charge,9,0.0006741494645781359
shipping,6,0.0006739519102249779
exit,9,0.0006728607748751417
chaos,9,0.0006721485848543475
reportedly,7,0.0006720570333516025
task,7,0.0006719204584089793
suisse,8,0.0006719056650505555
square,7,0.0006710109150349304
prepare,7,0.0006707387893910432
british,7,0.0006702001566502283
era,7,0.0006699045024338203
employee,9,0.0006697266999260273
empire,10,0.0006687264071505161
approved,8,0.0006679291444731698
aircraft,8,0.00066788639130332
closed,8,0.0006674910049348917
light,8,0.0006672637229862407
generation,8,0.0006657519372299775
struggling,9,0.0006653843304286929
dropped,9,0.0006653425123920339
joint,9,0.0006634933211900095
silicon,8,0.0006630910722750693
main,8,0.0006627835220306762
donald,11,0.0006626371362944604
body,8,0.000662549568917839
heatwave,9,0.0006623372219490225
repurchase,6,0.0006609343567802237
virus,9,0.0006607974546477356
letter,7,0.0006600345921003751
secures,7,0.0006592116893210286
recognized,8,0.000659060507533651
shipment,9,0.000658122199015955
royalty,6,0.0006578519784470854
lagarde,7,0.0006560511042861585
australian,8,0.000655911210925251
australia,11,0.0006550928079657875
special,8,0.0006540395618383249
aim,8,0.0006536694297398885
enter,5,0.0006532143052599619
later,9,0.0006527968647228422
adviser,7,0.0006512088948122033
wait,7,0.0006504101811683338
vega,8,0.000649655046258789
eight,9,0.0006491461889691387
dynamic,6,0.0006490727635089129
electricity,9,0.0006475056511991427
cover,8,0.0006472309290510072
adjusted,8,0.0006467837662734929
based,9,0.0006461968628397398
israel,8,0.0006458397950247234
attack,10,0.0006457399365953602
boeing,9,0.0006455931782007858
margin,8,0.000645474295757381
spike,8,0.000643172602363767
banc,5,0.0006431326679239068
cancer,7,0.0006427698213740162
lithium,6,0.0006427183892493662
lawmaker,8,0.0006424664073224762
post,8,0.0006422482960244853
surging,9,0.0006410164197506286
midstream,5,0.0006410144120802451
visit,9,0.0006408904331298128
france,10,0.0006403456862845287
focused,9,0.0006397923866768649
ended,9,0.000639391457058532
computer,7,0.0006388932412624828
owner,7,0.0006387704990273811
schall,9,0.0006386410642895488
benchmark,8,0.000637734623642425
surprise,7,0.0006375558297321186
im,5,0.0006369694303508557
reason,7,0.0006368692111415023
passenger,8,0.0006366272367576486
disney,7,0.0006360247852598075
condition,7,0.0006357864282289967
parity,7,0.0006356618587460972
measure,9,0.0006356428249986076
founder,8,0.0006351525909624713
hundred,8,0.0006349470203227065
challenge,8,0.0006345615260898309
consider,7,0.0006328214619019217
capability,7,0.0006312191041275545
goal,9,0.0006310931238988363
pnc,4,0.0006308169567279486
rajapaksa,9,0.0006304333256155631
airbus,7,0.0006299344515148399
congress,9,0.0006297431376676544
looming,7,0.0006290250382732022
germany,9,0.0006286143518879643
loom,7,0.0006279631299353778
downgraded,7,0.0006277158429682688
think,6,0.0006270182205723857
mission,8,0.000626547005544043
pricing,9,0.0006261296706077041
citing,9,0.0006255217716316572
rivian,7,0.0006251208392280868
canaccord,7,0.0006248586961291403
spac,7,0.000623760184377791
highlight,7,0.0006230436267297679
entry,6,0.0006218682201343598
nordic,7,0.0006211211352503565
promise,8,0.0006206388077149099
facing,7,0.0006200094539768291
deadline,9,0.0006189226915862422
bigger,8,0.00061851869507274
lift,8,0.0006180860445203762
intelligence,7,0.0006167500832954451
proposed,10,0.0006144258141543034
shock,8,0.0006139369083301137
metal,6,0.0006131689471407282
extends,7,0.000613129438274875
always,7,0.0006128161587877927
hong,8,0.0006120506323772421
kong,8,0.0006120506323772421
create,8,0.0006111762425680099
asked,9,0.000610750206286893
running,8,0.0006101533398004355
steer,7,0.0006097903095463599
hanging,9,0.0006092120061539193
testing,8,0.00060915834741006
river,7,0.0006084344230250086
pershing,6,0.000607580020765141
relief,9,0.0006067868716658686
continent,9,0.0006050232698429208
fully,7,0.0006047094722477082
turned,8,0.0006046439888809051
large,8,0.0006038540157140395
contender,9,0.0006032354499263123
bofa,6,0.0006018221508286226
cycle,7,0.0006017076633262992
indonesia,8,0.0006010689850072369
aerospace,7,0.0005988757646723533
expert,7,0.0005987304280996352
ba,8,0.0005984585501244042
utility,8,0.0005982885002682606
march,9,0.0005976403789372165
several,9,0.0005974385215151716
related,9,0.000597292656245653
mine,6,0.0005959093250153079
dis,6,0.0005954833523449065
betting,8,0.0005954605651297111
started,7,0.000595437850757555
spain,6,0.0005950279824086824
james,7,0.0005948138249916815
advisor,7,0.0005947702693420006
peak,6,0.0005928489078654946
tblt,5,0.0005919873429369996
xlf,7,0.0005914652873485421
posted,8,0.00059126664203743
attractive,6,0.0005910953892528275
bankruptcy,7,0.0005905705074585467
resign,7,0.0005895508391115449
failed,8,0.0005891912693533826
bondx,4,0.0005882569062324543
worse,8,0.0005875312760223797
jumped,7,0.0005873367111638593
restriction,7,0.0005846821625649531
temperature,8,0.000584654681439631
ppg,3,0.0005843946904725598
boycott,8,0.0005842343011078885
drought,8,0.0005841311470829152
african,8,0.0005839805424483539
final,8,0.0005817591360374226
yellen,8,0.0005815574347116946
noc,5,0.000580607649551629
footprint,6,0.0005805908122729555
sec,6,0.0005803550719653617
license,7,0.0005799153763399377
motor,6,0.0005797205010069151
loser,7,0.00057960062900071
question,8,0.0005793742578320047
resolve,8,0.0005789922507159775
panel,8,0.0005783266579812214
lng,8,0.0005779718543931222
turkey,7,0.0005773041967451634
give,8,0.0005773003913128226
agreed,9,0.0005768595816793148
maintenance,8,0.0005765472410034281
climb,6,0.0005760400637912447
worldwide,6,0.0005759848323091633
manager,7,0.0005756263830640575
buyout,6,0.0005753649253563831
aggressive,8,0.0005753284480850687
spirit,7,0.0005752012639993907
catalyst,7,0.0005751140240436599
pltr,5,0.0005739955352521213
sink,6,0.0005735605372289572
clinical,7,0.0005732701306401274
regulation,8,0.0005724932402460517
northern,6,0.0005716990681274192
request,7,0.0005711450190928584
unveils,6,0.00057064090593169
machine,6,0.0005695968907777206
van,6,0.0005694064520209672
thousand,8,0.0005688436700900587
chancellor,8,0.0005688037667199321
premier,7,0.0005679653706005661
fifth,7,0.0005672903252022454
xela,5,0.0005672716965479035
eastern,7,0.000566682330775217
adding,6,0.0005665715243722098
note,6,0.0005664402060954536
fire,7,0.0005655186964290175
scale,7,0.0005654334106884184
insider,6,0.0005653915271969642
iran,8,0.0005652223247524569
vertical,6,0.0005651367618239348
hydrogen,7,0.0005647076445790951
released,7,0.0005645901312476429
cutting,6,0.0005644891928071996
disclosed,6,0.0005639826585400817
zero,7,0.0005619018131511977
brace,6,0.0005613542316024743
bln,7,0.0005602273340425727
sanction,8,0.0005590845064505093
completes,5,0.000559039802512014
vaccine,7,0.000558714558018661
given,7,0.000558412606188029
recap,8,0.0005583094209345986
gps,7,0.0005578282412157872
care,7,0.0005576955835259773
comdx,4,0.0005572156189432012
yen,7,0.0005563768131216506
chair,7,0.000556332012760253
link,7,0.0005561297902018085
encouraging,6,0.0005554597188162495
jul,5,0.0005549305109015057
vulnerable,8,0.0005549058894305783
piper,6,0.0005532967812631941
withdrawal,6,0.0005527740458129306
coast,8,0.0005516298125758669
weigh,6,0.0005510696251765179
nept,5,0.0005510205197442512
esg,5,0.0005507529244454361
truck,6,0.0005506923288108849
similar,8,0.0005504923399919769
approach,7,0.0005494890211471246
bag,6,0.0005490650529549973
tried,9,0.0005490312610832355
abortion,7,0.0005489015006863139
forward,7,0.0005485347578969908
free,6,0.0005476427219043088
xi,8,0.0005466341022252885
unity,7,0.0005464602502521517
minute,7,0.0005464130243934287
gilead,6,0.000546191259502393
cool,6,0.0005460644066395802
spotify,5,0.0005458701348064201
wood,7,0.0005456344298812531
coalition,7,0.0005455949324264237
citi,6,0.0005444754318922501
north,6,0.0005441784764620484
squeeze,6,0.0005440507153737066
abb,5,0.0005437045358981629
publ,6,0.0005426846908505711
late,8,0.0005423654179129246
symp,6,0.000542302447069235
bring,7,0.0005422003526137563
bought,7,0.0005415012563437171
swim,9,0.0005414066386016832
supposed,10,0.0005414032491535446
anyone,6,0.0005411856766792903
peer,8,0.0005408037021393162
mb,9,0.0005404457460954242
presence,6,0.0005399806595461352
govt,6,0.000539294402915795
monitoring,6,0.0005392781814697741
ongoing,8,0.0005388172048741826
range,7,0.0005379907016202248
press,7,0.0005373520974567121
secure,7,0.0005371043586342549
exp,4,0.0005365616540896083
achieve,6,0.0005363969635624709
mobile,6,0.0005359701254477444
rail,7,0.0005354252349964607
cohu,3,0.0005352861613207268
lmt,6,0.0005350852594916968
ruling,7,0.000534644977730336
found,8,0.0005342507609406728
setup,7,0.0005341795193647509
petroleum,6,0.0005338673894821757
coinbase,5,0.0005333560123815667
every,6,0.0005332813252367693
neutral,6,0.0005328061864582964
begun,6,0.0005326514103465828
sam,8,0.0005325285731013964
commuter,9,0.0005311229350310089
ci,4,0.0005305603953516837
filed,7,0.000530360641952291
explore,6,0.0005301634141752486
trying,8,0.0005299216324748964
expensive,7,0.0005289754356674384
premium,6,0.0005289108766822463
administration,8,0.0005287727369487058
relation,6,0.0005281015449248461
placement,5,0.0005277433498158585
follow,8,0.0005277230753301854
stage,7,0.0005277217863005866
goog,6,0.0005273618760607657
citizen,6,0.0005272721796567379
electronics,6,0.0005265185061065708
western,6,0.0005258180988113651
restructuring,6,0.0005255284778585443
apollo,5,0.000525511733143589
odds,7,0.0005249584303554122
detail,6,0.0005247345701101508
station,8,0.0005245888515539031
legislation,8,0.0005241853717754301
ndaq,5,0.0005240542801712411
monkeypox,6,0.0005237685478249941
advisory,5,0.0005233474355888513
sand,6,0.0005227406921928772
pushing,7,0.0005226117586499695
eagle,6,0.0005220918809531784
slip,5,0.0005219804367633267
mordaunt,7,0.0005217451828717823
combat,5,0.0005213766381269783
lowered,5,0.0005212190750987268
commerce,6,0.0005208323342781773
presidential,7,0.0005206158692895924
develop,6,0.0005205168206620915
borrowing,7,0.0005203109405814449
softbank,5,0.0005201919349133096
ending,7,0.0005200919656934162
fighting,7,0.0005196397770698363
nyse,6,0.0005190924160630079
lease,5,0.0005188276546637508
council,6,0.000518249732230769
halt,7,0.0005178116715807433
reduction,5,0.000517614550467163
brings,6,0.0005173529470107344
struggle,7,0.0005171996061772494
sliding,9,0.0005169497508588673
rba,5,0.0005164539983262114
ally,6,0.0005156140164063326
town,6,0.0005152641721973756
offset,6,0.0005143892463995677
campaign,7,0.0005142675204178443
miner,6,0.0005142038139737332
favorite,7,0.0005138529797334678
wo,6,0.0005131559728773962
save,6,0.0005125930614437209
newr,4,0.0005125569006725874
seven,6,0.0005123828979484616
ordered,7,0.0005113468983145814
api,5,0.0005111860585274249
violation,7,0.0005111051766944088
carrier,7,0.0005107367167576974
operator,6,0.0005104825802433312
learning,6,0.0005089857535251843
aid,7,0.00050876688794361
search,5,0.0005085959633673862
environmental,6,0.0005085145632251925
within,6,0.0005080574475807162
delaware,6,0.0005078103440873011
diesel,7,0.0005074995606737104
vladimir,7,0.0005073379547755633
act,7,0.0005071950207081062
starbucks,5,0.000506647601615243
driver,7,0.0005064359779978248
poll,6,0.0005059744842406536
palantir,5,0.0005059736315274996
entered,6,0.0005054948830060059
innovative,5,0.000504980810381198
army,6,0.0005048228848877446
de,5,0.0005048005829643966
considers,5,0.0005046921948222232
wsj,5,0.0005044641926788462
turbocharging,7,0.0005044634350712084
land,6,0.0005038513764319209
senator,8,0.000503720742232847
age,7,0.0005037138357856379
beach,5,0.0005032342997010437
builder,8,0.0005028002159432739
lending,5,0.000502772757307191
fails,5,0.0005024767456602257
disability,5,0.0005021511010129791
outbreak,7,0.0005013333102951073
fair,6,0.0005012788948521498
democrat,8,0.0005008264280677411
campus,4,0.0005004729795807396
sap,5,0.0005001170966515853
helping,7,0.0004997301751874058
persistent,6,0.0004990813132192814
genuity,5,0.0004987951658052131
rout,6,0.0004982423195504856
apparel,6,0.0004974715581184791
san,5,0.000497464317584288
vlcn,4,0.0004972270916727619
arkk,6,0.0004970414667738966
ground,6,0.0004968156010188371
homebuyers,7,0.0004964731360944645
cannabis,6,0.0004963629947828972
tame,6,0.0004961897787952896
nuclear,7,0.0004960804906416439
libya,6,0.0004958073254296366
choice,5,0.0004953415646125174
perfect,5,0.0004939005321012383
healthy,6,0.0004935888295861173
leaf,7,0.0004934877979778559
limit,6,0.000493335980836941
belief,5,0.0004932555882462105
analytics,5,0.0004928980218224527
rental,5,0.0004928051164704794
listing,6,0.0004921952121949183
love,3,0.0004911561820953465
transportation,5,0.0004908992481512438
xbi,4,0.0004908728370181602
probability,7,0.0004903547701999819
rebound,6,0.000490295102494724
broad,7,0.000490203372863779
secret,6,0.0004896262714552877
alibaba,6,0.0004889933887582658
amount,7,0.00048809059788577105
snap,4,0.0004880151073852555
enforcement,6,0.0004874069244194325
totalenergies,5,0.00048704647897009025
combination,5,0.0004868776238734811
pypl,4,0.0004868457020155476
hungary,6,0.0004868155759194455
reduced,6,0.0004866995767558609
cooling,6,0.0004865330106010104
finally,5,0.00048624756931638037
item,6,0.0004861986049441374
ban,7,0.00048573606155964856
pepsico,4,0.0004854634448907777
bps,5,0.00048531480178662736
ink,5,0.0004846984033499888
abe,6,0.00048432411055367207
momentum,4,0.00048403215495444035
wti,4,0.000483966322424301
default,6,0.0004839644699237354
agree,5,0.00048379278884877176
sharp,6,0.0004835638785699743
old,6,0.000483473769351657
closing,6,0.000483124364896482
fb,5,0.0004829300842839792
carbon,6,0.0004828905782371247
usa,5,0.00048265815027585796
sharing,6,0.00048237196258692325
exporter,7,0.00048185428381208233
accuses,4,0.0004814959698506543
direction,5,0.0004814908468255293
indian,6,0.0004814695786932258
boom,6,0.0004811638676075808
sandler,5,0.00048094707207096466
con,4,0.00048061342042139774
exposure,5,0.000479832563076002
traded,6,0.00047981046158095185
wholesale,6,0.0004797649844205119
john,6,0.0004795553634119902
pro,7,0.00047955305955035257
personal,7,0.0004795037544848822
associate,5,0.0004793855332928153
morning,6,0.0004792260497940535
upgraded,5,0.00047892028685945674
accenture,5,0.0004781117527254096
fallout,5,0.00047789361990572106
costco,5,0.00047782890156233436
spend,5,0.00047772515182212006
resignation,6,0.0004774838105461495
atlanta,6,0.0004769306596705054
sunday,6,0.0004769069423710779
needed,7,0.0004767318802219916
path,6,0.0004762153795539428
pain,6,0.00047597822666115046
crash,5,0.00047569890906474035
swing,7,0.0004755460982133443
middle,7,0.00047546100398092246
beating,5,0.0004751069162791718
fertilizer,6,0.000474414855070012
issued,6,0.00047391109415280744
jim,7,0.00047357892548672485
xpel,3,0.000473320763687608
consulting,5,0.00047315254454271844
heading,6,0.00047313198625899245
bio,5,0.00047310249296805666
shutdown,6,0.00047269454245644636
packaging,4,0.00047228472128085504
feel,6,0.0004717213538530005
text,7,0.0004716771257015064
procurement,5,0.0004711805435887714
smh,5,0.0004696623718933601
cf,3,0.00046959704016210334
connect,5,0.0004695420330522012
lay,4,0.0004694627575805227
jinping,7,0.0004693929785902655
ride,6,0.00046938617530890435
signed,6,0.0004691687817731632
debut,5,0.00046904214283601133
warehouse,5,0.00046892835476416197
await,5,0.00046869505500561365
surveillance,6,0.0004680443095187566
fraud,5,0.0004678469733084119
swiss,5,0.00046781403179075253
candle,5,0.0004662125433844422
beijing,6,0.0004661634086669553
port,6,0.0004655289010230118
traffic,5,0.0004654232867614625
bailey,6,0.0004653519101809663
outside,6,0.0004652567640022363
witness,5,0.00046525480193936476
discovery,5,0.0004651661945739366
eric,5,0.0004647644750132041
weighing,6,0.0004641632378155414
really,5,0.0004640365100323012
minimum,6,0.00046390137185146196
stable,6,0.00046346125643462156
overall,5,0.00046306736307523974
toll,6,0.0004629527705200864
cohen,5,0.00046282189599649144
hod,3,0.00046235816325109294
harder,6,0.0004622125968801173
mineral,4,0.00046209146218254726
include,7,0.00046188547645152785
spat,6,0.00046182823708217313
increasing,6,0.0004616082029889506
paused,7,0.00046144907970362966
deficit,6,0.0004610551160499773
paper,4,0.0004608406139770087
contest,6,0.000460655370201755
fintech,5,0.0004604207687915059
older,5,0.0004598821987576001
usea,4,0.00045906123435761185
purchased,5,0.00045880416991692715
resident,6,0.0004576507183115319
discount,6,0.0004576293856258564
road,5,0.0004566954251066
reached,6,0.0004564265483579117
min,5,0.00045604016747062526
realty,5,0.0004555818880613765
valued,5,0.00045551957630586787
faster,7,0.00045523111954220893
cell,6,0.00045521100294403864
medicine,5,0.0004550495229379242
lesson,4,0.00045495101178154177
yes,4,0.00045462417870479016
tightening,7,0.00045458641147263585
figure,6,0.0004544911594016227
bit,5,0.0004539616149993695
cathie,5,0.00045392728524628223
probably,7,0.0004537852989902277
mount,5,0.00045325484630394917
career,7,0.0004529741622595093
pt,5,0.00045241745970519247
shein,6,0.00045206189315381823
tweet,6,0.0004520164979444481
novavax,4,0.00045184070858596205
priority,5,0.00045137515128482056
cop,6,0.00045112481070607086
clue,5,0.00045085027492601125
andrew,6,0.000450801921681241
aei,4,0.00045072636850988865
wrong,5,0.000450434722308741
soar,4,0.0004503785689295909
intc,6,0.00044973038675820377
xle,6,0.0004494506440350338
quick,6,0.0004491077163965049
appointed,4,0.0004485930569032208
tie,5,0.00044754051670797373
initiate,4,0.0004474212638544051
reaffirms,5,0.0004470569245806561
manchin,7,0.0004469292785523038
snowflake,4,0.00044679826956360883
bracing,4,0.0004462465272210658
rare,5,0.00044597543496937984
island,6,0.0004457614717738197
longer,6,0.0004448320897648907
accelerating,6,0.0004445447327969308
acquired,5,0.00044451599062161375
chris,5,0.00044443702556669747
never,6,0.0004441629980977853
rivn,5,0.00044413627747797374
bpd,4,0.00044400896911651953
influence,6,0.00044368909935766314
jack,4,0.00044343581352818725
winter,6,0.00044289272507440884
satellite,4,0.00044266108026299504
paying,6,0.00044261960534078395
rhhby,4,0.0004426153256795725
wage,5,0.00044239372649357577
single,5,0.00044223311321266824
pick,5,0.00044207494450563384
knx,5,0.0004420240242142327
shell,5,0.0004419792407462527
lane,8,0.000441374878140253
megaproject,8,0.000441374878140253
ski,8,0.000441374878140253
connection,5,0.0004412846330936873
protest,5,0.0004408296335192387
period,6,0.00044061178708372257
suffer,5,0.00044003561948028876
retirement,4,0.0004397404977970158
wedge,4,0.00043970606458646085
switch,7,0.000439650825015281
owned,5,0.000439634601432722
verv,4,0.0004393480884878096
aal,6,0.0004393118098473624
korea,5,0.0004392252921713902
southern,5,0.00043900369217335784
edge,5,0.0004386653808531969
driving,5,0.0004385336295562411
midday,5,0.00043799061689970376
normal,5,0.00043718169448627125
chairman,5,0.0004367141353777775
philip,4,0.0004366419081784141
rest,6,0.0004365694018706183
gtlb,4,0.0004357095739543494
reiterates,6,0.0004356219555257875
expanding,4,0.00043550091807287327
confirms,4,0.00043521323828189714
interview,6,0.00043480534371346266
opened,7,0.00043457811636240596
cast,5,0.0004341143888742882
tiktok,5,0.00043410006544084787
applied,4,0.0004339749326903968
instrument,4,0.0004335344657663791
independent,5,0.0004333204576466879
tap,4,0.00043282575023646113
blood,5,0.0004326739866476819
labour,6,0.0004321735108382169
suffered,5,0.00043190663573745635
joining,5,0.000431586780041647
discussion,6,0.0004312694261173149
app,5,0.00043125446874013194
rapid,5,0.0004308545713655154
ensure,6,0.0004307959201162472
storm,5,0.0004307859893169459
declining,5,0.00043029812627423203
barclays,5,0.00043016512385790113
summit,6,0.0004299561051598504
cboe,4,0.0004292294003733973
created,5,0.0004292291277011725
moody,5,0.00042915146555851634
waiting,4,0.000428974198244831
nigeria,6,0.00042897061635175423
ocean,4,0.0004280810252476389
biopharma,4,0.00042767625196650136
potentially,6,0.0004274409187734358
terminate,5,0.0004274315762456475
tier,5,0.00042741023257351674
remaining,6,0.0004271673694304134
confident,5,0.0004270638236151857
attempt,5,0.00042667723889691135
biotech,3,0.0004264388549869238
gotabaya,6,0.0004262133819057995
beverage,6,0.0004259717325625094
plug,2,0.00042588686806739866
unh,4,0.0004256987970749045
inch,5,0.0004247922093123867
slash,5,0.00042465121128129694
answer,4,0.00042450418330749974
congratulation,5,0.00042448220224724175
mp,4,0.00042398231408311167
chapter,5,0.0004238933350683023
emerging,5,0.00042389034978844616
phillips,4,0.0004237466109033808
activist,5,0.00042354711571256917
jumping,3,0.000423244244031148
driven,5,0.0004227376667302171
wheat,5,0.0004226835787799453
carmaker,5,0.00042233594381074465
saving,4,0.00042197954645956223
nortonlifelock,4,0.0004219067698816843
wayfair,4,0.0004214655751703095
fastenal,4,0.0004213767025063108
dosing,4,0.0004206831232544076
undervalued,4,0.00042006851919765146
suggests,5,0.00042000075238669577
accused,5,0.00041934078655766745
atlantic,5,0.0004193298054858237
lvs,5,0.0004184796914820482
book,5,0.00041839745975773865
foundation,4,0.00041832342374964834
ppi,4,0.0004182641773971678
disrupt,6,0.0004181547101317729
heart,6,0.0004180164432791742
fubo,3,0.0004175001385268637
flag,5,0.0004173279652895669
vp,5,0.0004168899440045296
remote,5,0.000416054212504052
education,5,0.0004160081439818976
wind,5,0.00041592945457715646
automation,4,0.0004156738830242488
january,6,0.0004156229111676574
runway,4,0.0004149815003100491
balance,6,0.0004149578485932974
ii,4,0.00041485583713859927
stockholder,5,0.00041472175325290406
slows,4,0.0004142092555809359
worry,6,0.000414093158225319
cent,4,0.00041358830034902516
harvest,6,0.00041323812014373493
casi,3,0.00041315860213888433
filing,6,0.000413071407509987
though,7,0.00041306263059300296
outpacing,5,0.0004126233518970305
matter,5,0.00041254846166924363
pose,6,0.0004121079060498102
battered,6,0.00041183186962000316
investigates,6,0.0004116342354035054
weaker,5,0.0004115193082598903
leverage,4,0.0004110748531197914
uber,5,0.00041045858122120343
christine,5,0.00041043219590174146
steel,4,0.0004102090552315972
shopping,4,0.0004092293835430526
standing,4,0.0004092168000302327
usd,4,0.0004086790660621328
jet,5,0.0004085055075546497
content,5,0.00040825793228468985
antibody,4,0.00040790147429872774
remained,5,0.0004078155607655653
sabr,3,0.0004075033725035352
pledge,4,0.00040717617181968357
faced,5,0.00040690202162516336
gulf,6,0.0004068643304358445
mktx,3,0.0004066629526813551
inaugural,3,0.00040625985130126523
creating,5,0.00040593140389552846
beautiful,3,0.000405902587466862
assessment,5,0.0004056896322234367
precision,4,0.0004056847237555269
reveals,4,0.000405305636387026
vision,4,0.000404953521084474
gallon,4,0.0004046777765142423
acn,4,0.0004043912391713164
player,5,0.0004042017685342834
priced,4,0.00040417137576612263
happened,5,0.00040366719776487096
consolidation,4,0.0004036308621768
sk,4,0.0004029689208603886
leave,6,0.00040243781995730145
message,6,0.00040208278536291625
sentiment,5,0.00040182685726782794
asml,5,0.00040138547480131744
elevated,4,0.00040122593738067054
probe,5,0.00040115114437912707
bksy,2,0.0004009612221886645
known,5,0.0004003870060448581
practice,6,0.00039958857935592953
showed,6,0.000399209622555172
listen,3,0.0003989700543377203
spacex,4,0.0003986739642228709
florida,5,0.0003985150892507312
climbed,6,0.0003984445365552973
formula,4,0.0003982390885980096
active,4,0.00039816424231350596
gear,4,0.000398010869442654
consolidates,6,0.00039755497832012277
agriculture,4,0.0003974749040660182
hasbro,5,0.0003969584145991243
accumulation,4,0.00039691093637923125
protect,5,0.0003968201000434838
tab,5,0.00039678458072086225
equipment,4,0.0003960646407578447
poised,6,0.0003957607256362529
reminder,5,0.00039563373183955906
tumble,4,0.00039492287040065744
seems,5,0.00039483707096206737
orcl,2,0.00039453844388061683
internet,4,0.00039403972284304426
exercise,5,0.0003935906643352085
registered,4,0.00039311249764498727
predicted,6,0.0003930497055102724
intelligent,4,0.00039250034745111156
woman,5,0.0003924038571841074
boy,4,0.0003923189084001526
raw,5,0.0003922940370062173
wfc,4,0.0003920478714972649
favor,4,0.0003920460930706597
auction,4,0.00039187528976252444
nue,5,0.0003913636571394248
used,6,0.0003912506174547566
wday,5,0.00039115177413029454
tested,5,0.0003910204125914724
transport,5,0.000390727042076297
baker,5,0.00039053569634599954
golden,4,0.0003903591647640293
governance,4,0.0003903160298680058
prince,6,0.0003901272253977271
grew,5,0.00039007602664215723
failure,5,0.0003900606458953165
japanese,5,0.0003900106779408377
toy,5,0.0003897606770099519
iea,5,0.000389521609659626
intel,5,0.0003894704796871128
man,4,0.0003894414686214446
charging,5,0.00038919322235596434
pulled,4,0.0003885559043122132
alzheimer,4,0.0003884052585807501
southeast,5,0.000388283055591002
sudden,6,0.00038823704595871436
elv,4,0.0003882215126035468
mostly,5,0.0003881178078220175
site,5,0.00038799448053098643
april,5,0.00038769007140072474
hotel,4,0.0003873101648103611
computing,4,0.00038723719519534894
commitment,4,0.0003871775696901502
curious,3,0.00038647771371265027
wwr,3,0.0003862049523530117
league,3,0.0003855133990252081
privacy,5,0.0003853666056066882
domestic,5,0.00038534748214832736
ex,5,0.00038528585621664844
fourth,4,0.0003852270614158831
insurer,4,0.00038503020130251444
chooses,4,0.00038437941051488523
reject,4,0.0003842692440154227
qualcomm,4,0.0003840812536973313
martin,4,0.0003840052635555341
response,4,0.0003838957837076544
adobe,5,0.00038375913337804115
armstrong,4,0.0003833391302758531
signature,4,0.00038312145719832493
schwab,4,0.0003819355728321113
compared,6,0.0003816775023729468
bringing,4,0.0003807500087398546
surpasses,3,0.0003806756813603419
estimated,4,0.0003806389543129871
alliance,4,0.0003805352132319938
coverage,4,0.00038052753949196355
participate,4,0.0003804722999755164
onshore,4,0.000380384890710141
dvn,3,0.0003802333572158747
manufacturer,5,0.0003801977933872216
commentary,4,0.0003797690339218983
warn,4,0.00037965240721875114
overnight,4,0.00037948088423810956
corp,4,0.0003792238234102956
nvidia,4,0.00037917601508304284
louisiana,6,0.0003791039365506899
club,4,0.00037823964327383496
ual,5,0.0003780836843559668
instead,6,0.0003779891069742556
quickly,5,0.00037779928380923843
advertising,4,0.00037696351559882103
distribute,5,0.0003769137600722079
marsh,3,0.0003768008045620056
mclennan,3,0.0003768008045620056
inclusion,4,0.00037673789432554844
principal,4,0.0003767128591800492
unofficially,3,0.00037648363756705313
attorney,6,0.0003764665549046999
nfl,5,0.0003763089661293973
relative,5,0.0003755924358661925
coronavirus,5,0.00037518950338086515
nv,4,0.00037477332291300136
barnes,3,0.0003740764688901218
shinzo,5,0.0003739234826358053
schumer,5,0.0003739028511302063
facebook,4,0.0003738304178992907
grid,5,0.00037369823500733705
hub,4,0.00037325908563509865
rescue,4,0.0003726275208331788
virtual,4,0.000372469808752678
mrk,4,0.0003720477736759166
addition,4,0.000371995718052902
token,4,0.0003717562060380866
exploration,3,0.00037131598762255795
fbk,3,0.0003702671048693211
competitive,4,0.000370100150045119
macklem,4,0.0003699755157785396
qatar,5,0.00036928204510402963
kick,5,0.00036899426564309
parent,4,0.0003688662275982766
urban,5,0.0003687117669382837
virginia,4,0.0003686103437876175
view,4,0.00036856943280047055
homeowner,4,0.000368429669472938
event,5,0.0003684241059516293
extreme,4,0.0003683621927076975
cautious,4,0.00036797128538873514
exactly,4,0.00036789096241107364
bankshares,3,0.00036781130654921777
engineering,3,0.0003676855132611205
baby,4,0.00036763779867156495
determined,4,0.0003675517295118824
politics,3,0.0003673356445643859
horizon,4,0.0003670997606353169
score,4,0.00036682426015782727
laboratory,4,0.0003664031955205566
ramp,4,0.0003663277968799025
marketplace,3,0.00036608993217301586
sek,2,0.00036580510842509976
profile,4,0.00036556810050671713
towards,5,0.00036548162088690804
suspends,4,0.0003653605466521886
et,3,0.000365237990154576
adoption,4,0.00036520657575342543
protocol,4,0.0003648433789044163
november,5,0.0003648376664158454
bottomed,3,0.0003648257042118925
address,5,0.00036481702540823945
comment,4,0.00036466106761985824
sport,5,0.0003646282620231068
temporarily,5,0.00036423909886248117
fauci,4,0.00036380563692292795
location,4,0.00036372647478212505
adj,5,0.00036353809868616867
dolphin,4,0.00036352908839461126
risen,4,0.00036285744547639564
audit,3,0.00036279192100156755
pivot,4,0.0003627814523061845
ease,4,0.0003627772881072226
toshiba,3,0.0003626316258423894
opposition,4,0.00036254369192553727
external,5,0.0003622941173854255
peloton,4,0.00036216132689243847
wild,4,0.00036165977211303243
oxy,4,0.00036151855562740803
rocket,4,0.00036148268653938957
grade,4,0.00036143996026934534
compliance,4,0.0003611494403075114
heavy,4,0.0003608611339919623
marijuana,4,0.0003603744520747645
millennium,4,0.0003603555277138707
dashboard,3,0.00036021840123817554
tv,5,0.00036016054395297
quality,4,0.0003601412274993302
ap,5,0.0003600007382929091
crucial,5,0.00035998693893006604
th,6,0.00035996024480520073
plane,5,0.0003597863923947338
apartment,4,0.00035967822747304517
docu,3,0.000359268183170115
docusign,3,0.000359268183170115
fitch,4,0.0003591638870359346
scorching,4,0.00035910777628240945
bearish,3,0.0003584965336267651
essential,5,0.0003584461151205539
lumn,2,0.0003584275519252453
aimed,5,0.00035835133008131566
donor,4,0.0003579538289011252
disruption,5,0.00035789376586218907
brazilian,4,0.0003576836856234297
side,4,0.0003575444337291078
deposit,4,0.0003575220217543837
colleague,5,0.0003573382397739807
max,4,0.000357332607340926
integrated,4,0.0003566548813227643
discusses,5,0.0003565960366174721
feature,4,0.00035654195600842237
learn,5,0.0003565243791653961
steep,5,0.00035642553492794
success,5,0.0003562671088759732
abt,5,0.00035614805872971904
requiring,5,0.0003560151054577179
turning,5,0.00035584437263204503
environment,4,0.00035562111055927016
blackout,5,0.00035544909324760905
seller,5,0.0003552513674811981
retreat,4,0.0003547636074774709
selects,4,0.0003547168783545175
selected,4,0.0003545021414296532
disaster,3,0.00035445924443691483
reputation,4,0.0003542636244582368
refusing,5,0.0003542274964625461
offered,5,0.00035409258520431054
ghana,4,0.00035407739016171165
ironsource,3,0.0003539349719181425
ups,3,0.00035370563630223806
generate,5,0.0003536438710468815
soft,4,0.0003523361535585635
alleged,5,0.0003523160073615931
forex,4,0.0003522215862385329
bell,5,0.00035200097542025514
awake,2,0.00035194924535360045
setback,4,0.0003514865140518778
subscribe,6,0.00035124637879764087
par,3,0.00035072458181990395
alk,4,0.0003505276200135244
voucher,4,0.0003504339396083218
winning,4,0.0003503730564645539
ticket,4,0.0003501699149378596
pivotal,4,0.0003500774880393813
relic,3,0.0003500085410566802
seed,4,0.00034997946159491636
pimco,3,0.00034995131200486854
attention,3,0.0003499446303113121
nears,4,0.0003497740956119907
entertainment,4,0.0003496807047364095
landing,4,0.0003492441913179242
productivity,3,0.0003492435120286008
happens,3,0.0003489772933897227
internal,4,0.0003485455154166411
liquidity,4,0.00034852514676271735
oral,4,0.0003484261377585001
ebix,3,0.00034836820908091355
inventory,4,0.00034821405282301854
produce,4,0.0003482071985347277
tackle,5,0.0003482067141737428
xlk,4,0.00034802361820021014
petz,3,0.0003478234706617233
mu,5,0.0003477566228370889
tighten,5,0.00034761815160684573
resilient,4,0.00034757064866158235
gone,3,0.00034716543561338063
diversity,4,0.000347139787836874
atlas,3,0.000347056438307921
magazine,4,0.0003469300247546078
israeli,4,0.0003468617231256989
softening,4,0.0003468523971659904
revised,4,0.0003465687619570464
dpz,4,0.0003465127985570218
msci,2,0.0003458792120261502
shake,4,0.0003452817713228334
hang,4,0.0003449055905903095
wealthy,5,0.0003444854103233744
uniper,5,0.00034444927573786454
oyj,3,0.0003441036455663867
bostic,4,0.00034392358896481376
anthony,4,0.0003437636525090395
effect,5,0.0003436989755876334
nabs,3,0.0003434096461899229
lately,4,0.0003431953937435872
district,4,0.0003428253557266957
led,4,0.00034273328150646507
odp,2,0.0003427308534832146
police,5,0.0003426110132877133
existing,4,0.0003425474078361932
availability,3,0.0003424593227312566
generator,4,0.0003424392602166332
financials,3,0.00034217368642190264
bold,3,0.00034193464118848426
weave,3,0.0003411797375929389
patent,3,0.0003411087277096389
alaska,4,0.00034104330219680834
imho,4,0.0003408722088451909
sue,4,0.00034047917165964297
deployment,4,0.0003403475522026656
streaming,4,0.0003402839344379379
mind,5,0.0003401932569506354
lagging,4,0.0003401570409841347
significantly,4,0.0003401328994883681
ftx,5,0.00033976497533407793
suggesting,4,0.0003397443393583393
efx,4,0.00033966039074911187
code,4,0.00033936317806222737
tour,4,0.00033933167211251626
collapsed,3,0.0003391014696742097
speculation,4,0.0003390494951008652
asks,4,0.0003389997858722636
fairly,4,0.00033877874537930773
holiday,4,0.00033834547495564533
pas,4,0.0003381540850227806
matthew,3,0.0003380138945157259
revealed,5,0.00033783735211948094
escalating,5,0.00033774412450561004
easing,4,0.0003376996135002155
sweden,4,0.00033747308773817873
txmd,3,0.0003371778588875528
fewer,4,0.0003370124517408575
suspended,4,0.0003369164978289268
memo,3,0.00033677679544155876
upcoming,4,0.00033661983156346216
baba,4,0.00033641248371982983
outperform,4,0.00033628308586952974
becomes,4,0.00033604969423202364
vista,4,0.0003354041321100928
usb,2,0.0003352347512009093
pizza,3,0.00033502214181974386
dealmaking,3,0.0003346966537437135
selloff,3,0.00033466509338611985
deep,4,0.0003346252882273544
authorization,3,0.0003345561413666228
plastic,4,0.00033452893946920426
flexible,4,0.0003342259652497721
disconnect,3,0.0003342104975545262
ark,3,0.0003336140587797189
volkswagen,4,0.0003333576037363035
decarbonize,4,0.00033325061623084543
harris,4,0.00033317696189092316
tender,4,0.00033315797399235627
subscription,3,0.00033313289730547795
projected,3,0.00033281164148164436
revive,4,0.00033236808566281456
dmtk,2,0.00033218350924501074
fulton,3,0.0003321468854698984
decent,4,0.0003320874533639367
sq,4,0.000331718142869435
veteran,3,0.00033168613945483866
cipollone,5,0.00033163346640537733
republic,3,0.0003313517119910884
tokyo,4,0.00033131157112083296
hospitality,3,0.0003312995315288185
franchise,4,0.00033129365362101525
roll,3,0.0003311478062143397
whole,4,0.0003310886474155978
franklin,4,0.0003308272960601534
bargain,3,0.0003308239703064726
failing,4,0.00033075138509807203
radar,4,0.00033070790487079913
keeping,4,0.00033059866687301355
downside,4,0.00033051057589529484
nft,3,0.0003304855732741299
validation,3,0.000330465804511026
didi,3,0.00033039898098375064
twist,4,0.00033022602806896965
flexibility,4,0.00033011633300320095
tl,5,0.00032996814694283137
largely,4,0.00032996078759907766
residential,3,0.00032986273589636023
staple,3,0.0003295295810561557
heritage,3,0.00032948913899060936
tighter,4,0.0003287384573305693
steady,3,0.0003284633818433851
approves,4,0.0003284072316081623
writes,4,0.0003279566148516193
vici,2,0.00032793509659958175
outflow,5,0.00032777523798348794
music,3,0.0003277705368132089
something,4,0.00032761997134939623
desert,6,0.000327487360062549
fiction,6,0.000327487360062549
futuristic,6,0.000327487360062549
neom,6,0.000327487360062549
thomas,3,0.0003273907616148735
confirmed,4,0.00032719772730791153
morrison,3,0.00032702223411517945
wed,6,0.00032688972411850395
hnsbf,2,0.00032685163882696633
kept,4,0.0003268476429859337
signaling,4,0.00032663140766409706
doubling,4,0.00032649091356109843
chamber,4,0.0003263173528602676
marketaxess,3,0.0003263118203140864
regular,3,0.0003262951162401335
nokia,3,0.00032618012787331277
stockpile,4,0.00032594549687045126
conagra,3,0.00032590224777169643
tsmc,3,0.0003257798828257847
verve,3,0.0003257126438747386
entegris,2,0.0003253810319490117
citibank,3,0.00032536849563511355
occidental,4,0.00032498661228672586
alphabet,4,0.000324941395751153
syf,3,0.0003249373132565752
pton,4,0.0003249150970930229
dramatic,5,0.0003246997107653085
cruise,4,0.0003246269452626063
tak,3,0.00032434718574645956
cfg,3,0.0003242128266473116
tyde,3,0.00032420628023711027
destination,3,0.0003241095620816776
thank,2,0.00032404493969418824
plrx,3,0.0003238748490450046
dutch,4,0.0003238476359465121
tough,4,0.0003237282467475024
morris,3,0.00032370137322993445
teva,3,0.0003234846736142496
cat,3,0.0003233579969232787
finding,4,0.00032324309117883555
kinder,3,0.00032315464265294055
airtags,4,0.00032293731673519995
baggage,4,0.00032293731673519995
student,3,0.0003228922897761214
lockheed,3,0.00032237864222740565
biib,3,0.00032227416538393593
soared,2,0.0003221998264658239
increasingly,5,0.0003218433010754657
pep,3,0.00032181882407469246
quiet,3,0.0003218091083646885
resilience,4,0.0003216826023987694
reflecting,4,0.00032162762530635043
employment,5,0.00032151687944493624
municipal,3,0.0003213571245143744
edible,4,0.0003210674375395248
speaker,4,0.00032074375227166853
contracted,4,0.0003206447581780231
myanmar,3,0.0003205730409382806
scientific,3,0.0003201784826919538
saying,4,0.00031988807119244907
urging,5,0.0003196676252979394
blackstone,3,0.00031959311480337564
transformation,4,0.0003194384600372084
vendor,3,0.00031941943823583443
smith,4,0.00031938677009054684
everyday,3,0.0003193284461867516
dash,3,0.00031886676362576885
bj,2,0.0003186715221899462
nvax,4,0.0003186406908509162
inject,4,0.00031860372652716513
animal,3,0.0003182883008175496
strengthens,3,0.0003180395936520146
afterhours,3,0.0003180248815216422
version,4,0.0003179897349702306
ring,4,0.000317285381391519
economics,4,0.0003166339255787022
sbny,2,0.0003162774728114805
historic,4,0.00031572609103782567
tower,3,0.00031568493369166407
moscow,4,0.00031525889509069173
liquefied,4,0.00031501546246588685
feeling,3,0.0003146060476809148
ordering,4,0.0003145185849897867
vwap,3,0.00031448780314266415
strain,4,0.00031426212584733
econx,3,0.0003142145229439016
mass,4,0.00031420257136192617
projection,3,0.00031405960260840957
dal,4,0.0003138443562732793
dna,3,0.00031381167622270543
serve,4,0.00031374834357135136
bus,4,0.00031324254615492595
ebitda,3,0.00031317344388360173
roche,3,0.0003130595772787087
collins,3,0.0003124794590498341
threaten,4,0.00031243159615397965
ferrari,3,0.000312263982960174
constellation,2,0.0003122375498504396
nysecommunity,4,0.0003120787180467867
genius,3,0.00031201655333285895
history,4,0.0003120116645691215
bw,3,0.00031191102591433096
mike,3,0.00031150364759498076
boosting,4,0.00031120613505025225
hitting,4,0.00031112060866256687
fleet,4,0.00031108263777759513
appeal,4,0.00031095465285845193
workday,3,0.00031077892823184154
dax,4,0.0003106223476149406
ftse,4,0.0003106223476149406
explains,4,0.0003101438622337705
channel,4,0.00030980188723080863
speed,4,0.00030966432122160186
grapple,4,0.0003096134132893052
halliburton,3,0.0003094571365556739
sweeping,4,0.00030941706270890836
unitedhealth,3,0.00030930230464653257
disorder,3,0.000309284009771475
acceleration,3,0.0003091379254871829
malaysia,4,0.0003085946180584226
pack,3,0.00030842454555908604
scenario,3,0.0003079553502108369
toronto,3,0.0003077433763006243
nano,3,0.0003072895364323503
reality,4,0.0003069948433701452
approve,3,0.00030695719651958485
tga,3,0.00030645055310828833
transglobe,3,0.00030645055310828833
tractor,3,0.0003063928958774824
resigns,4,0.00030632783150711567
snow,2,0.0003063091053746319
operate,4,0.0003060690642962592
blockchain,3,0.00030602900742869924
stronger,4,0.00030602582273722966
crop,4,0.00030588508638618785
died,3,0.0003058717770659411
difficult,4,0.00030585872208350247
headed,4,0.0003057208133495934
twlo,3,0.0003051878745540873
shipyard,3,0.00030516728621808587
borr,2,0.0003049990658823348
exxon,4,0.0003048913746201956
corn,4,0.00030488770559748354
improved,4,0.00030484296586232235
justify,3,0.0003046777968377253
spin,4,0.0003045483989773791
hipo,3,0.00030440864418522365
dhr,5,0.00030430614960506093
crack,4,0.0003041771345908946
distributed,3,0.00030411936069360714
fis,2,0.00030411494308753165
declaration,3,0.0003038390108534653
veracyte,3,0.00030376526077927253
parker,3,0.00030369631724457864
inhibitor,3,0.0003035401213655278
foti,5,0.0003033163808810056
kahn,5,0.0003033163808810056
swick,5,0.0003033163808810056
reverse,3,0.00030325245976067935
feared,3,0.00030322144780612443
tom,4,0.0003030816764070569
expecting,3,0.0003029414356929605
azure,3,0.0003029391264627977
csco,3,0.0003028240546542777
iron,3,0.0003025549508259193
ore,3,0.0003025549508259193
recently,4,0.00030221266878620366
homebuilder,3,0.00030213109219690535
sent,4,0.00030198834617446604
scam,3,0.00030180702143062753
francisco,3,0.00030171215246130095
pork,3,0.00030161608700366837
entity,4,0.00030160004023581935
mattel,3,0.00030159391173199704
clean,4,0.00030148863385608105
republican,4,0.0003014035138771792
component,3,0.00030120685586367186
tnx,4,0.0003011653420152095
justice,4,0.0003011429217908969
heard,4,0.00030106047735425776
renewed,3,0.00030095265850090176
wellness,3,0.00030094200212268376
ownership,4,0.0003008162865976422
protester,4,0.0003007727738284829
structure,3,0.0003006624919542838
doubt,4,0.0003005845629365361
accurate,3,0.00030025781771894953
fishing,3,0.00030019444887595
drilling,4,0.000300093436200181
factor,4,0.0003000765471698969
tourism,2,0.00030006499506259195
sending,4,0.0003000228840484779
latin,3,0.00029993673144919483
equifax,3,0.0002996841653260529
cabinet,3,0.0002992397869077783
synergy,3,0.0002992215200898329
marcus,3,0.0002991873194068481
chalmers,4,0.00029917618412474525
treasurer,4,0.00029917618412474525
spreading,4,0.00029913697553857893
conflict,4,0.00029892052455235245
mexico,4,0.0002988552390940409
notable,2,0.0002986121506358402
natgas,3,0.00029856760885660957
setting,3,0.00029820602181649655
ball,2,0.00029810607857102455
successful,3,0.00029805759034512175
barkin,4,0.0002977438987537302
philippine,3,0.0002974846822596471
rank,3,0.0002972672023700665
kid,3,0.00029714397312332024
missing,4,0.00029695282577398387
electronic,3,0.00029666504306095323
designed,3,0.00029637602407619524
glass,3,0.00029608923663481106
blk,3,0.0002960113722205547
crunch,4,0.00029591904689117926
berkshire,3,0.00029538987444274956
hathaway,3,0.00029538987444274956
evgo,2,0.0002952074805719761
curated,5,0.00029516765199630226
nok,4,0.0002951499010385488
reddit,2,0.00029503873246243924
compete,3,0.0002949503970931123
burn,4,0.00029484011487425935
al,4,0.00029445265570632784
accelerated,4,0.00029410644312560374
desc,4,0.00029393684970762193
laid,4,0.00029360537631514404
available,3,0.0002932355047643863
percentage,3,0.00029317260480578875
presidency,3,0.0002930367235769459
thought,4,0.00029302549567972283
xly,3,0.0002928825056219284
decriminalize,4,0.00029272482350548674
hli,3,0.0002926761631986622
along,3,0.0002926499371229302
cryptocurrency,4,0.00029247266951375325
ft,3,0.00029246804454061224
abbv,3,0.00029224961514167866
abbvie,3,0.00029224961514167866
landmark,3,0.00029208037996485223
immediately,4,0.00029196286037186684
device,4,0.0002918559819913588
overturn,4,0.00029174743730491263
corruption,4,0.0002915673903783238
grupo,2,0.00029155564592077215
hospital,4,0.00029133270140944354
reaction,5,0.00029132860101700004
affiliate,3,0.00029132777666107673
reflect,3,0.00029117998189041004
xlu,4,0.0002910900883518702
recreational,3,0.0002910772731744953
bump,3,0.00029086652071871926
duty,3,0.0002907784759368673
linked,4,0.000290739024221522
ericsson,3,0.0002906928669507316
oct,4,0.00029033698836094195
serious,3,0.00029030969690236165
outdoor,3,0.00029015153012107843
sartorius,2,0.0002901377368103426
illegal,3,0.00028998660805756415
celanese,2,0.000289964602942379
backfire,4,0.00028980652697852124
mtb,2,0.0002897791260008804
airway,4,0.00028961819080161133
modi,4,0.0002894965228211403
assassination,3,0.00028947501938000273
victim,3,0.0002894174729158426
met,4,0.0002889631157872881
watchdog,3,0.0002886332185935996
currently,4,0.0002886257570176184
breakthrough,3,0.0002885972518917633
fomc,4,0.00028853355993855906
unsolicited,3,0.0002880485451480974
pause,3,0.0002878303053845448
eyeing,3,0.00028780939037740237
eose,2,0.0002877676771658616
critical,3,0.00028757094996463545
larger,3,0.0002874928593994712
uae,3,0.000287480018895584
extending,3,0.00028743685200955835
chevron,3,0.0002874159207075462
prepared,3,0.00028724292590226203
mkt,4,0.0002872077431161621
brief,4,0.00028714427682312055
college,3,0.0002871308461578099
nicely,3,0.0002869891350414073
sgsof,2,0.0002869183623921925
mild,3,0.00028691369562858004
cancel,4,0.0002867362759875825
fult,2,0.00028669087283261313
synthetic,3,0.00028667999120410276
researcher,3,0.00028666456254183213
grappling,2,0.00028664552258789416
implication,3,0.00028647399277900444
royal,3,0.0002863003663621576
sg,3,0.00028612718882326985
testimony,4,0.00028608065896885385
word,3,0.00028585876705061535
integration,3,0.0002858232688958179
television,4,0.00028572800416804786
intends,3,0.00028551577755630864
murphy,4,0.00028551175711146555
fossil,4,0.00028549158562599683
rallied,3,0.000285459493145247
pretty,4,0.0002854188842793423
david,3,0.00028540346973744517
carry,3,0.00028537647568820443
unprecedented,4,0.00028527901835293613
border,4,0.0002852633712093878
notice,3,0.0002852180861224614
refinery,3,0.00028455307059187463
king,3,0.0002844907253724201
automated,3,0.00028434553853805614
outage,3,0.00028433933766558125
actually,3,0.0002843193968563275
together,4,0.00028425455743114525
jblu,4,0.0002840204273207636
smartphone,3,0.0002839484658347361
initiative,3,0.00028374106177029543
night,4,0.00028343837261292435
iqbal,3,0.00028334298471306577
khan,3,0.00028334298471306577
creator,3,0.0002833261631000029
abroad,4,0.0002832103237387011
broadcast,3,0.0002826837317638653
flooding,3,0.0002826833017323141
diluted,2,0.0002825008251763915
criticism,3,0.00028233151926489424
institutional,3,0.00028209506829400137
triggered,3,0.0002817818587967748
oilfield,3,0.00028170186974058666
clnn,2,0.00028154928160657755
mobility,3,0.0002814882304060075
pickup,3,0.00028132006181031636
apps,2,0.0002813088202310634
tennessee,3,0.0002812810755797592
excess,3,0.0002811042100627307
beleaguered,3,0.00028082993951856117
deck,2,0.00028068340939604495
biologics,3,0.00028053942517048904
wit,2,0.0002804836591633658
county,3,0.0002804697420445523
living,4,0.0002804138400067127
gappers,2,0.0002803697885594086
utf,2,0.0002798431494714521
transfer,3,0.0002798098808909701
potash,3,0.00027973117769852123
idea,3,0.0002797272664514447
tobacco,3,0.0002793743771153706
mw,3,0.00027910715892046534
barr,3,0.0002787556108515266
regarding,3,0.00027858450777047856
issuance,3,0.0002784348980901637
penalty,4,0.0002781080811697546
yoy,4,0.0002779621635781004
mat,3,0.0002778184876428972
broke,4,0.0002777716772833581
stability,3,0.00027726156581354494
hughes,3,0.00027726031307566987
bloc,4,0.0002772133563887939
pollution,4,0.00027707735194149816
eog,3,0.00027697540824634113
mountain,3,0.0002767643675720153
else,3,0.00027658218932406504
improving,3,0.00027643138671101217
recognition,3,0.0002764151527066237
zone,3,0.0002762462743737945
edf,3,0.00027619658485659017
rich,4,0.00027608415577800476
aws,4,0.00027596307763222785
sony,2,0.00027556386892756807
appears,3,0.0002755451661410529
cme,2,0.00027549874189799204
representing,4,0.0002753629007653398
caution,3,0.0002750297151392971
bailout,4,0.00027472483753216456
simplifies,2,0.00027460447949905907
celebrates,3,0.00027460143712495995
brazil,3,0.000274375008736407
appear,4,0.00027437120891431665
doj,3,0.00027412843659130353
taken,3,0.00027411625413818855
try,3,0.0002740861652567651
joseph,3,0.0002740857115955318
operational,3,0.00027401972029612295
claiming,4,0.0002739278294825973
caci,2,0.0002738154316632368
novo,3,0.0002737313469259797
tick,3,0.00027371620811000646
underweight,3,0.00027365408175136617
democratic,4,0.0002736171097940004
gaming,3,0.0002735626363775046
couple,3,0.0002735169400830069
consumption,4,0.0002733365499470422
delayed,3,0.0002731671893173647
janet,4,0.00027296811996105585
requirement,3,0.0002729170880081681
hurdle,4,0.00027282444471649314
size,3,0.00027280625426251247
warren,3,0.00027277877912038127
inland,3,0.00027277033590517377
barrick,3,0.00027275560576643925
navy,3,0.00027260324597467266
unless,4,0.00027250894352494044
intention,3,0.00027249230407577985
evaluating,3,0.0002724566194275661
suit,3,0.00027235883083544005
oppenheimer,3,0.0002721818996169532
ask,3,0.00027211272678310454
canceled,4,0.0002720619743493309
politician,3,0.0002720579696122864
equality,3,0.00027190486746862027
backed,3,0.0002714982860983115
helped,3,0.00027147967057315433
trendline,5,0.0002714056365731787
shrinking,3,0.00027124115349118794
manage,3,0.0002711880781637769
chile,3,0.00027104531811653954
cyclical,2,0.0002709832050843793
imposed,3,0.000270821049482915
aa,3,0.00027062119168356596
pat,4,0.00027050709265226923
cooperation,3,0.0002704600954595709
preparing,3,0.00027024751107886395
revolution,3,0.00026995220546155115
refuse,3,0.0002697318550508824
fri,6,0.0002697122281604054
boe,3,0.00026967030894468614
delivers,3,0.0002693510263602719
treat,3,0.00026927951578513317
highly,3,0.0002691810024407254
ranking,3,0.0002691095691201032
fanatic,3,0.0002690409947141127
nike,3,0.0002690409947141127
kmi,3,0.00026892607890019167
harami,2,0.00026892514130000354
calm,3,0.00026878044505970495
worsening,3,0.000268656232635205
berenberg,3,0.0002686226804994834
morningstar,2,0.0002684736935160803
vincent,3,0.00026834170414328975
axp,4,0.0002683320313791219
collaborates,3,0.0002683255352825651
express,3,0.0002679174191725011
bath,3,0.000267523144878379
brewin,3,0.0002672795290694354
curbing,4,0.0002670861621655374
upstream,3,0.0002670666558057432
alarm,3,0.00026705074511320135
unique,3,0.0002669638002173026
emerges,3,0.00026686111351281424
reporting,3,0.0002668183907132019
cross,3,0.00026676737621005747
fake,3,0.00026665825408007926
prediction,4,0.0002664542165555628
movement,4,0.00026616442093378544
distressed,3,0.00026614552209976416
datadog,2,0.0002660345330400987
challenging,3,0.00026593419486393624
chesapeake,2,0.00026582744352650773
vast,4,0.00026581104730659627
personalized,3,0.00026568123091290466
gauge,3,0.0002655870951410167
participation,4,0.0002655147099522397
porsche,3,0.00026526385323295327
overcome,3,0.0002651828483652621
hand,3,0.00026512268597674515
evercore,3,0.00026496878859010736
weight,3,0.0002648262527569362
rushing,4,0.00026469676214570313
wireless,3,0.00026463794417797573
completed,3,0.0002646202015629712
cart,2,0.00026443629544989377
jamie,4,0.0002644229189837451
guilty,4,0.00026441577362532417
michael,3,0.00026433182173237466
rob,3,0.00026403590851399155
cavco,2,0.00026403167171566635
heightened,3,0.0002639629000126342
criterion,3,0.0002639474659864538
fastly,3,0.0002639292259017082
proposal,4,0.0002637509144027237
zimbabwe,3,0.0002634434088092361
traveler,3,0.0002634072939445452
fnlc,2,0.00026338438820616976
individual,3,0.0002633565850883706
saw,4,0.00026316892595287545
percent,2,0.00026302245831192776
establishment,2,0.00026300835936460753
yard,3,0.000262903325367417
shs,2,0.000262684001362126
kingdom,3,0.0002626615272137609
anniversary,3,0.00026264549160108606
strict,3,0.00026254081052974056
happy,2,0.0002624811741534871
improvement,3,0.00026228455820598523
enhances,3,0.0002622007690229421
entire,3,0.00026216710434566855
verition,3,0.00026202535324577577
peso,3,0.00026197209328506795
overweight,3,0.00026194787034476165
revise,3,0.0002617119308770581
efficacy,3,0.00026169481775542065
either,4,0.0002616079371946295
grant,3,0.000261606882029003
hoping,3,0.00026150425480465917
papua,2,0.0002614090020082746
raskin,4,0.0002613548987777442
woe,3,0.0002608826740523276
annualized,3,0.0002608481612873227
dark,3,0.0002607032220359792
zahawi,3,0.00026066412440376607
segment,3,0.0002605054924566233
wish,2,0.00026047408761852204
ministry,3,0.0002603188285547019
permit,3,0.00026031060587778005
ambition,3,0.00026025442493037834
warrant,3,0.00026022007290271487
testified,4,0.00026008156379961247
severe,3,0.0002598912590377493
cma,2,0.00025985619151412795
bragar,4,0.000259686781998281
eagel,4,0.000259686781998281
squire,4,0.000259686781998281
assessing,3,0.0002596844378882794
gazprom,3,0.00025963118147416894
draw,3,0.00025955599032255
dfs,3,0.0002594468429897921
proven,3,0.0002594412157104807
qualtrics,2,0.0002593902372442173
inverted,2,0.0002588492506607426
overvalued,2,0.0002585810183831538
appearance,4,0.00025854544828805956
vst,2,0.0002584838041407738
ad,3,0.00025840457609853064
evening,3,0.0002583427700792621
weakening,3,0.00025832252658527176
gloom,2,0.0002581994090751255
map,2,0.0002580681530937437
asa,2,0.0002580520805151484
pullback,3,0.00025802022745761077
fill,3,0.00025787232319137327
mood,3,0.0002578550302306152
binance,3,0.00025769232717912967
richmond,3,0.0002576166614167288
mellon,2,0.0002575498217039777
must,3,0.0002572547843134993
pending,3,0.00025688321627870085
confronting,4,0.00025651937379384535
marathon,3,0.0002564968292316763
licensing,3,0.0002564948215806346
published,3,0.0002562518077283316
pga,3,0.00025614082639251944
website,3,0.0002561122638121072
backing,3,0.00025605944344566815
compass,2,0.0002559762760943388
sued,3,0.0002559161869039591
fnb,3,0.0002558219462654782
wba,2,0.00025567115414867235
eurozone,3,0.0002556143390146964
shls,3,0.00025559572205244844
fm,2,0.00025559460020283767
brexit,3,0.0002555700063990431
shaking,3,0.00025539480525052423
respect,4,0.0002552936154164714
avert,3,0.00025525809931739547
table,3,0.00025516272762344286
shop,4,0.00025510980937593785
prove,3,0.0002550415598519043
dynex,2,0.0002547793159671806
nvta,3,0.0002547553744893436
grocer,2,0.0002547134737808933
restart,3,0.00025470463935247273
procedure,3,0.0002544980538282932
verification,3,0.0002544814417088823
pouch,2,0.0002544207207695259
arct,2,0.00025441713143379066
stepped,3,0.00025432763471453955
casino,3,0.00025432035372466565
specifically,2,0.0002540125759298424
exodus,3,0.0002540094096864092
asking,3,0.00025381990043564804
seat,2,0.0002533339678547958
react,2,0.0002533254276196237
isaac,3,0.0002531517202155657
developed,3,0.00025311359605239105
joined,3,0.00025308844113505416
cmtl,2,0.0002530119472546489
underestimating,2,0.0002529681118171645
caused,3,0.000252904094310463
boomi,3,0.0002528049561796602
oversee,3,0.00025273244346035067
cheaper,3,0.00025269853261295866
hess,2,0.0002526733827103516
original,3,0.00025260845508303514
commissioner,3,0.00025255155096886846
layer,2,0.000252470779495561
ryder,2,0.00025227793300835273
barco,2,0.0002521660908826899
bernstein,3,0.0002520690296064856
representative,3,0.0002520569335268515
framework,3,0.00025202179382406015
mou,2,0.00025192622927783497
traditional,3,0.00025187574555877795
forcing,3,0.00025186441702145423
built,3,0.0002517882860679021
tiff,3,0.0002516758236213611
forum,3,0.0002511822231018543
landscape,3,0.00025116359665326206
execution,3,0.0002511609785998271
crime,3,0.0002511326269444153
mara,2,0.00025109817470438415
macau,3,0.0002510221907051345
tourist,2,0.0002509780759500899
davis,2,0.00025094694490550615
taylor,3,0.00025076466966346617
payday,3,0.0002506151348794913
turkish,3,0.0002504567434214429
aum,2,0.00025032593127604237
argentina,3,0.0002502120404587128
thinnest,2,0.0002500783975415545
maintains,3,0.0002500523888390036
grower,2,0.0002499714787181098
recovered,3,0.0002498851612511448
coo,2,0.00024987413602111893
stem,3,0.00024970762591351145
commits,3,0.0002495124662494212
personalis,2,0.0002494928451056584
contributing,3,0.0002494552821469421
retire,3,0.0002493668840536722
fcx,3,0.00024928627519626794
mcconnell,3,0.0002491001798088102
rhine,3,0.0002486839368775932
co,3,0.00024861295958668366
document,4,0.0002484843693176392
modestly,3,0.00024845970084276016
rush,3,0.00024834503742531103
room,4,0.0002482761729484215
hitter,3,0.00024796573932950994
simply,3,0.0002479356226232293
insight,3,0.0002478204988046264
worsens,2,0.0002474768502209999
prevr,2,0.0002471318386353472
molecular,3,0.0002470339538071187
broadband,2,0.0002469037517443161
sense,3,0.0002468978746432405
competing,4,0.0002468695938842205
pmi,4,0.00024669893133108425
observation,2,0.0002466886757942516
mba,2,0.0002466867324779604
unison,2,0.0002466368409518981
attract,4,0.00024653830634885636
egg,3,0.00024651502416659445
quits,2,0.00024642606767951905
overseeing,3,0.00024608844065346797
schw,3,0.0002459841328344848
alongside,3,0.0002457676221293271
grand,3,0.0002455588956751498
shopper,4,0.00024544066008623576
genomics,2,0.0002454224785532299
xinjiang,3,0.00024538076604376386
robust,3,0.00024512843083129073
chicken,3,0.00024510824277236635
orkla,2,0.00024492521554166297
orkly,2,0.00024492521554166297
moderate,3,0.0002448177521925449
sbux,2,0.00024479529579665195
accessibility,2,0.0002447672491472287
decreased,4,0.00024449278193742623
boosted,3,0.00024435224593414624
equal,3,0.0002443138611149854
emphasizes,2,0.000244275100909092
fueled,2,0.0002441847452497659
psmt,2,0.00024414064259267195
concept,2,0.00024390230314491444
overseas,3,0.00024385596075396495
ireland,3,0.0002437945156710485
loaded,3,0.0002435900519573992
korean,3,0.00024346961019602265
hcsg,2,0.00024331557704678077
pot,2,0.0002431519788500841
junk,3,0.00024300979225940714
male,3,0.00024288673787027442
injection,2,0.0002427342654068065
asmb,2,0.0002425684164661603
vietnamese,3,0.00024254231395646222
repeat,3,0.00024246940672978753
cintas,2,0.00024227234786400813
nexi,2,0.00024191402087620748
digest,2,0.0002418585843313309
el,3,0.0002418211641931142
implement,3,0.00024176139726051756
usage,3,0.0002417547232765606
meggitt,2,0.00024162552402409753
nysefloortalk,3,0.0002416188274409615
cag,2,0.0002415260962671083
adequacy,4,0.00024148702508386654
trajectory,3,0.0002414453435410484
santander,2,0.00024141628500131256
kind,3,0.0002414101497757511
wiped,3,0.00024137521005230346
sleep,2,0.00024127234662522841
bankrupt,3,0.00024118467859145996
ddog,3,0.00024108484054061083
tsco,3,0.00024091245113870316
harleysville,2,0.00024083557482316507
doubled,3,0.00024081480857698478
counter,3,0.00024081009303563594
struck,3,0.0002407922870408186
scope,3,0.00024064658239273198
wow,2,0.00024049638895496853
hiked,2,0.00024047502844017494
walt,3,0.00024046199071688253
plenty,3,0.00024027480595954954
fstx,2,0.00024024788475733707
airspace,3,0.0002402394894973894
deputy,3,0.00024022734171986646
immediate,3,0.00024018778472415772
buffett,3,0.00024002035349466618
nebraska,2,0.00023977290791360852
young,3,0.00023976705289353124
carlyle,2,0.00023975405935711735
nonprofit,3,0.00023972719286224448
cohort,2,0.0002397117432079814
ery,2,0.00023964702162382996
surged,3,0.00023956735250686738
ensight,2,0.00023947824717640386
plunging,3,0.00023946141327483694
expense,4,0.0002394323156612867
shelf,2,0.00023929503971146235
rna,3,0.00023927128571163387
spire,2,0.00023908228367382824
newest,2,0.00023907924092973114
shy,3,0.00023905882686626366
football,2,0.00023899914045550285
stadium,2,0.00023899914045550285
idiq,2,0.0002389096534577014
required,3,0.0002387158580508198
repay,3,0.00023865852135109363
logjam,3,0.0002385265701821526
historically,3,0.00023822817914135425
feedback,2,0.00023801759524416628
burned,3,0.00023769017200239153
riot,3,0.00023768964056794653
llp,3,0.00023748131567938953
child,3,0.00023738896283584545
agrees,2,0.00023735683788235284
freeport,3,0.00023730032202337332
sun,2,0.00023696121146279465
thanks,3,0.00023687886998276816
cheney,3,0.00023679890938848864
scheduled,2,0.0002363718988745789
pwsc,2,0.00023603906003219187
allegra,3,0.0002360368699288671
readout,3,0.0002360368699288671
stratton,3,0.0002360368699288671
grain,3,0.0002359695026419645
restarting,3,0.00023576001097136838
pump,3,0.00023554505836598133
basf,2,0.00023522617896181135
nod,2,0.0002350254227460231
universal,2,0.00023502033633901074
williams,2,0.00023491633602960144
unveiled,3,0.00023491321326563538
broker,3,0.00023487986225695235
guy,4,0.00023466380921654455
played,3,0.00023454604756262956
danger,3,0.0002345236364507086
snarl,3,0.00023447564404182453
fleeing,2,0.00023444873362364122
tune,3,0.00023428331722799486
publishes,2,0.0002341819124107879
cheating,2,0.0002341738957459112
exam,2,0.0002341738957459112
pdf,2,0.0002341209540052836
pdfs,2,0.0002341209540052836
tim,2,0.00023409721020095355
marking,3,0.00023409410316314484
plus,3,0.00023407819527638114
nomination,3,0.00023406912655499277
overhead,3,0.00023405199490227259
robert,2,0.0002340161609177614
palm,3,0.00023391044838790703
merchant,2,0.00023389072254736
creek,2,0.00023379720140566997
bakes,3,0.00023366420847458912
losing,3,0.00023365581611069623
hannon,3,0.00023359702001284402
trillion,3,0.00023352251304242748
charged,3,0.0002335189241296295
asazf,2,0.00023344103947602252
rather,3,0.00023340678115877283
cook,2,0.00023332651895245887
generic,2,0.00023332326696247338
effectiveness,2,0.0002332308407886914
messaging,3,0.0002331620041203072
medal,3,0.00023281955098120456
georgia,3,0.0002328141543327951
ryam,2,0.00023272020267287827
pelosi,3,0.00023271183050283897
elevance,2,0.0002325909837908241
ravaged,3,0.0002322640529495315
gotten,3,0.000232243535048262
highlighting,3,0.00023210770592025308
yum,2,0.0002320841780064725
accept,2,0.00023199889200345035
brink,2,0.00023196046075743554
bidenomics,2,0.00023184980596308876
mutual,2,0.00023181589822521384
killed,3,0.00023169207527276527
cyber,2,0.00023162631221755733
skyrocketed,3,0.00023160303189945436
gossamer,2,0.00023154057545772875
steve,3,0.0002312700257440236
consecutive,3,0.00023119268303393786
trim,3,0.00023084047294518573
unexpectedly,3,0.00023074242053279525
aged,2,0.00023071022129822897
televised,3,0.00023067871714278066
organic,2,0.00023059950972875612
check,3,0.00023046861738709306
gun,3,0.00023028105568498515
unnecessary,2,0.0002301536568801599
pfe,2,0.0002299888376507992
terrible,2,0.00022972094241009098
inner,2,0.00022964594912033956
vz,2,0.00022941627900261837
situation,3,0.0002293182706382604
elastic,2,0.0002292038575583441
enhancement,2,0.0002292038575583441
replication,2,0.0002292038575583441
fundamental,2,0.00022919219247708247
supreme,3,0.00022911524748414462
booking,2,0.00022910358690241385
dead,3,0.00022892911294121365
inside,3,0.00022885112218366243
lad,2,0.00022879690416679772
phunware,2,0.00022864486601089127
parliament,3,0.00022839819091169432
convertible,2,0.00022829855724858597
nfib,2,0.0002281320927793603
busy,2,0.00022778854654224913
dispute,3,0.0002277790575677289
print,2,0.00022769383930740174
privately,3,0.00022737938246324233
believe,3,0.00022736464377447402
blistering,3,0.0002273390230960444
iwm,3,0.00022709517692880932
gamble,2,0.00022700319933580492
procter,2,0.00022700319933580492
promoted,2,0.00022693848224478757
rumor,2,0.00022690164729354277
wriv,2,0.00022661814007489438
depression,2,0.0002261975294993309
syria,3,0.00022614886551657732
balanced,2,0.00022614834095161906
keysight,2,0.0002261051513750229
shut,3,0.0002260592220108026
xtrackers,2,0.0002259324479895061
refinancing,2,0.00022592084406784178
launched,3,0.00022572365674057378
widened,3,0.00022565942584080025
bok,2,0.00022561960877534338
trap,2,0.00022557277207169526
extended,3,0.00022556946534337018
stalled,3,0.00022552974039690164
celebrate,3,0.00022550660593274652
xom,3,0.00022532620807586123
article,3,0.00022532045053747982
voter,3,0.00022525723673523176
watt,2,0.00022502695416340326
mrns,2,0.00022497764619135868
luxury,3,0.00022480318339519485
favourite,2,0.0002247596553526884
preventing,3,0.00022475643553073648
closely,3,0.00022463032873142885
dental,2,0.00022461239862879041
hopeful,3,0.00022457673612448907
jeff,2,0.00022455787167862597
propel,2,0.000224491342773923
fueling,3,0.00022444292245272628
shutter,2,0.00022421825656189577
vcyt,2,0.00022416179840767755
mom,3,0.00022411826897062863
wns,2,0.00022398979398107128
jersey,2,0.00022387493021884454
acoustic,2,0.0002237996549631376
teledyne,2,0.0002237996549631376
quote,2,0.00022375367424102384
forced,3,0.00022366246907587112
deepens,2,0.000223638363812829
carolina,2,0.00022363055164019405
re,2,0.0002235625929169534
abv,2,0.0002234118218169669
amtb,2,0.00022336008227637663
shocking,2,0.00022331196177427596
december,2,0.00022328649259043638
msc,2,0.00022324160798446605
metropolitan,2,0.00022315527218167
positioning,3,0.0002231033709745144
stand,2,0.0002230344579956887
fewest,3,0.00022302265694550686
risking,3,0.00022297817395202225
journal,3,0.00022296261289570234
carvana,2,0.00022271640446360608
cvna,2,0.00022271640446360608
implementation,3,0.00022241429571214768
beaten,2,0.00022226713775669592
ohio,2,0.0002222546262267553
sympathy,2,0.0002219997218944595
csi,3,0.00022198588828612075
apart,3,0.00022182157066018537
grounded,3,0.00022178437100161267
likelihood,2,0.0002217031558143388
gradually,3,0.00022162439017063922
lost,3,0.00022161374920970738
restrict,3,0.00022149685847848842
quit,3,0.00022139175154607877
hemophilia,2,0.00022130943872479796
lurch,2,0.00022123136578341501
disclosure,2,0.00022123130771210258
globe,2,0.00022119181775478032
cord,2,0.00022111835168641233
bicycle,2,0.00022110935080125733
decided,3,0.0002210193441064361
lack,3,0.000220970924517709
enhance,2,0.00022089433588659855
minor,3,0.00022084758583821245
underway,3,0.00022071051567060978
boj,2,0.00022070909843508493
usertesting,2,0.0002206635050155807
fsly,3,0.00022065807948907595
decker,2,0.00022052634636325863
swk,2,0.00022052634636325863
leveraged,2,0.00022024266450263455
prioritize,3,0.00022012908306303242
solving,2,0.00022005319369849756
thrive,2,0.00021991666786176227
ounce,2,0.0002198177860027329
military,3,0.0002197508209466034
rushed,3,0.00021972344194244657
successor,3,0.00021953926528662886
bidder,3,0.00021939028748547724
pr,2,0.0002192787930982443
weather,3,0.00021919403256339838
patch,2,0.0002191407693907423
geography,2,0.00021895889366454671
upbeat,2,0.00021893934381842412
ncino,2,0.00021880321476344848
ncno,2,0.00021880321476344848
inflow,2,0.00021879835843889258
huge,2,0.00021867139654358788
handling,3,0.000218508343836987
explosion,3,0.00021846312333589435
nashville,2,0.00021843088688892643
firing,2,0.00021834477238765273
reminds,3,0.0002182343246883883
simmering,2,0.00021814915197473518
sna,2,0.0002180992962764808
wholly,2,0.00021803630963684414
ansa,2,0.0002180194155691495
louis,3,0.00021799404822382733
master,2,0.00021785651872388624
century,2,0.00021780833784173226
lg,2,0.00021756475012584285
seriously,3,0.00021741822379929776
orchid,2,0.00021740170698245174
quite,2,0.00021737994577328187
discover,2,0.00021724371705330632
macbook,2,0.000217111107969144
identity,2,0.00021705150509614905
dealt,2,0.0002170221940897638
blocked,3,0.00021663546460012114
prefer,2,0.00021656738880029461
advancing,3,0.00021651553153596801
keyboard,2,0.00021646233161408857
compare,3,0.00021630956922541938
cybersecurity,2,0.00021612558942201923
rli,2,0.0002161157336646796
jamieson,2,0.0002160999436181181
damage,3,0.00021586940445919573
psychological,2,0.00021574349604342268
finland,2,0.00021569256341140864
bridge,2,0.0002154541840387518
fl,2,0.0002154069537184982
kidney,2,0.00021524983698709778
lankan,3,0.00021521850674703977
interim,2,0.00021510189299924547
houlihan,2,0.0002150231998380413
lokey,2,0.0002150231998380413
austin,3,0.00021501730576939702
visitor,2,0.00021489917227627707
micron,2,0.00021477323192169208
domo,2,0.0002147613549555961
delinquency,2,0.00021450656313992385
cisco,2,0.00021449045769590403
margaret,3,0.0002144154309654516
icymi,3,0.00021439983954749337
topper,2,0.00021432284223785257
population,2,0.00021426905696324066
dovish,3,0.00021419330445963648
peaked,2,0.00021413365174411747
clearance,2,0.00021396177032826472
closer,3,0.00021377577328070984
nordea,2,0.000213761942510469
located,2,0.00021356981033637134
andvari,2,0.00021350752092149088
garmin,2,0.00021326479320767859
livescope,2,0.00021326479320767859
nokbf,2,0.00021315910254191228
triggering,2,0.00021314571572942132
gave,3,0.00021309072658809124
romania,3,0.00021304175396189115
advantage,2,0.00021303891569605563
medtech,2,0.00021301100408888923
hscei,3,0.0002129447650051262
sensex,3,0.0002129447650051262
ssec,3,0.0002129447650051262
stoxx,3,0.0002129447650051262
groundbreaking,2,0.00021287047219637023
adn,2,0.00021254615629877306
hybrid,2,0.00021253686825314707
accelerator,2,0.00021246498842901414
complaint,2,0.00021237948298270717
mgk,3,0.0002123471172817318
fare,2,0.0002123066841900057
scandinavian,3,0.00021223244121270046
sheet,3,0.00021218478264049655
discretionary,2,0.00021209876684145674
generational,2,0.000212044939301595
bulletin,2,0.00021198036358005494
akzo,2,0.0002119768164964469
nobel,2,0.0002119768164964469
updated,2,0.00021194801355310246
film,2,0.00021192541997206305
clinic,2,0.00021183154222276246
taiwanese,2,0.00021179645503063664
easy,3,0.00021166520450780727
thin,2,0.00021153117011052624
dimension,2,0.0002112846064171131
nndm,2,0.0002112846064171131
iot,2,0.0002112085819586721
excellence,2,0.0002111381027087922
brokerage,2,0.00021109529353862224
signing,2,0.0002110574013610173
orion,2,0.00021074102449202643
biotechnology,2,0.0002107233734564628
invitae,2,0.00021053749585984278
straw,3,0.0002105351144271026
susan,3,0.00021049118040997395
wb,2,0.0002104673553270525
upld,2,0.00021046211178250138
super,2,0.00021033677998179902
lowe,2,0.00021033515278329038
sanctioned,3,0.00021027671460403924
contained,3,0.00021016328161779408
richemont,2,0.0002097744493862806
granted,2,0.00020971848577016526
tehran,3,0.0002097141903559242
gatx,2,0.00020960506563232802
rosen,3,0.00020956577360292937
algeria,2,0.00020952782723372536
hiding,2,0.00020951101543506144
macro,2,0.00020948081529813373
wrap,2,0.00020947883203203374
inmate,2,0.00020938823119940865
weakest,2,0.00020935105719752429
bryan,2,0.00020919348070652313
bulletshares,2,0.0002091559260461241
interconnected,3,0.00020906794156831137
hill,2,0.0002090443674255191
slideshow,2,0.00020874027683871846
happening,2,0.00020856093563327485
behalf,3,0.00020848081041240042
mistake,2,0.000208422185506914
curbed,3,0.00020825867518233277
gild,2,0.00020820651873349616
threatening,2,0.00020819854708649442
fined,3,0.00020812618770852038
siege,2,0.0002080607245207337
panic,2,0.00020790289295298666
adjourn,2,0.0002078683657727593
unknown,2,0.0002077746553466715
generous,2,0.00020773163645016314
defer,2,0.0002075578504989358
mcdonald,2,0.000207503220391474
erez,2,0.00020743835664301322
simha,2,0.00020743835664301322
weaken,2,0.00020734311676650808
fortress,2,0.00020731946086518957
standard,2,0.00020731391139221445
allay,3,0.0002072623717471051
escalation,3,0.0002072623717471051
paving,3,0.0002072623717471051
standoff,3,0.0002072623717471051
linger,2,0.00020724767137656814
emerged,3,0.0002071865863651261
stuck,2,0.00020714285618074368
arthur,2,0.00020710297260597826
assault,3,0.00020690191949067165
cof,3,0.0002067097490199509
utilizing,2,0.00020665061539686515
henderson,2,0.00020663012465038975
janus,2,0.00020663012465038975
carnage,3,0.0002065488266368983
goodness,3,0.0002065488266368983
dlo,2,0.00020649672987443825
necessity,2,0.00020637351176591717
grassroots,2,0.00020635994591094168
aar,2,0.00020620101711172917
vatican,2,0.00020617993547511856
ilpt,2,0.00020610235224407392
rip,2,0.00020604144166579984
shrank,2,0.00020596735831668268
buenaventura,2,0.00020595303537167107
bvn,2,0.00020595303537167107
telekom,2,0.00020562452260270727
anytime,2,0.00020557850894073194
threatens,3,0.00020549136892985352
placed,2,0.00020546295768065283
others,3,0.00020537957029756828
crush,2,0.00020530544268786843
xlp,3,0.00020526656011317634
polymetal,2,0.00020525239375004364
freedom,3,0.00020522274429091928
sends,2,0.00020517649370438765
hunt,2,0.00020515186732024607
mill,2,0.00020512115140605848
happen,2,0.00020511609240449528
impacting,3,0.00020493129933598636
marine,2,0.0002048883178949812
unch,2,0.00020481741023474975
popular,2,0.00020462416235338907
nucor,2,0.00020452620097703028
neighborhood,2,0.00020444483622726297
purchasing,2,0.000204404576791432
searching,2,0.00020437061635465449
exec,2,0.0002042842873996566
roku,2,0.00020427724266182834
raytheon,2,0.00020421630254627225
rtx,2,0.00020421630254627225
gordon,2,0.00020418903728492278
semi,2,0.00020409496288247665
meme,2,0.00020406702472380484
methane,2,0.0002040361839512776
roy,2,0.0002040340158285504
erj,2,0.000203964585191366
dine,2,0.00020389701042582538
vietnam,2,0.00020383664034880883
novartis,2,0.00020381942962455072
calendar,3,0.00020372663425325798
wkly,3,0.00020365521446981952
brussels,2,0.00020337799222201698
edition,2,0.00020337799222201698
fiasco,2,0.00020333290626560897
log,2,0.00020329530313844028
waited,2,0.00020308315646267626
subject,2,0.00020286029007364899
pension,2,0.00020280706292809643
achieves,2,0.0002027655027263471
doji,2,0.00020271797922890303
chronic,2,0.00020267528039605764
prudent,3,0.00020265944119250446
statewide,2,0.00020260401309874003
uphill,2,0.00020253640241482159
compliant,2,0.0002025149840959159
parifex,2,0.0002025149840959159
quanergy,2,0.0002025149840959159
devon,2,0.00020241488527158953
fx,2,0.00020235365457833205
louder,2,0.00020232232943177651
therapeuticsmd,2,0.0002021323784369115
owen,2,0.00020207360580795265
fedramp,2,0.00020205075554419904
insolvent,2,0.00020188274401209772
wipe,2,0.00020185154317323568
ewi,2,0.00020181841342425017
fxe,2,0.00020181841342425017
northrop,2,0.0002018147106794687
thread,2,0.00020176877887168225
slate,2,0.000201767502153703
scarred,2,0.00020173577405133256
sephora,2,0.00020167339520704345
buckle,2,0.00020146868715592613
iraq,2,0.00020141009892405017
rocky,2,0.0002013874007580308
keystone,2,0.0002013203458520908
invalid,2,0.00020125017784339375
followed,3,0.000201231377668411
lp,2,0.00020122100495870572
genesis,2,0.00020110704187508414
exercised,2,0.00020109891574747658
prolonged,2,0.00020091509412201132
transmission,2,0.0002009125892137422
nuro,2,0.00020082842770942428
powerful,2,0.00020072663792591893
moved,3,0.00020060474936985535
egy,2,0.0002005247934232949
pitch,2,0.00020049217113914905
promising,2,0.00020046583937036871
powerhouse,2,0.00020044976047347754
tg,2,0.0002004360628965291
kucoin,2,0.0002004245159201078
sfnc,2,0.0002003912796358466
simmons,2,0.0002003912796358466
withdraw,2,0.00020034797237020212
tlry,2,0.00020033696414134414
dealership,2,0.00020028945603046844
anticipates,2,0.00020015081369863838
prestigious,2,0.00020002402424766533
headline,3,0.00019997424736185675
feed,2,0.00019983405505829915
cardiovascular,2,0.00019980804564184373
eco,2,0.00019980723884669137
mary,2,0.00019961818670559568
indicator,3,0.00019952022049681193
kathaleen,3,0.00019944025574334837
mccormick,3,0.00019944025574334837
recurrent,2,0.00019931661402102389
kit,2,0.00019921600791797882
ultra,2,0.00019921200617948508
turbulence,2,0.00019920210151702026
camp,2,0.00019910014438646265
beigene,2,0.00019903814824379594
racking,2,0.00019903217462179085
grace,2,0.00019901384977137545
cybertruck,2,0.00019879162586571405
shw,2,0.00019869356351923578
reinforce,2,0.0001986360760434055
costly,2,0.00019852513060275226
image,2,0.00019849201014245026
fy,2,0.00019838868645691057
congressional,3,0.00019838219272684505
committed,2,0.00019828420792232705
pet,2,0.00019817670376784293
rf,2,0.00019799760352869945
thinking,2,0.0001978898329318288
motion,2,0.0001978895057285784
reward,2,0.00019780416510045405
ability,3,0.0001975249987433822
speech,3,0.00019743538375467486
ar,2,0.00019736682180449802
marinus,2,0.0001972845789397117
gbtc,2,0.0001972777402452375
aware,2,0.00019722120253977426
parscale,2,0.00019703306472374746
com,2,0.00019687372325910243
uso,2,0.00019687372325910243
qls,2,0.000196854384655597
rosenblatt,2,0.00019675021553146094
firework,2,0.00019674537373229008
inform,2,0.00019656179641586597
institute,2,0.00019645281337472587
engine,2,0.00019638348821743388
seemingly,3,0.00019637578638146325
madison,2,0.00019632725336343157
supersonic,2,0.00019613304250675628
unfair,3,0.00019609449340399996
pool,3,0.0001960056471386613
taste,2,0.00019596124261169102
initiation,2,0.0001959595564638751
frame,2,0.00019594450689673577
launching,2,0.00019588158674711548
duration,2,0.0001957303194386779
golf,2,0.00019571482610158128
rowe,2,0.00019562104970205705
trow,2,0.00019562104970205705
repayment,2,0.00019547591466177635
wipro,2,0.00019544435984861788
frc,2,0.00019533862171467565
makeup,2,0.000195321282522007
iphone,2,0.00019527946392422778
bavarian,2,0.00019527577846260627
bvnkf,2,0.00019527577846260627
rice,2,0.0001952726143925505
reference,2,0.0001952612480327428
willing,3,0.00019519140817541458
timber,2,0.00019509905737200446
nova,2,0.0001949655311106523
deficiency,2,0.00019480651025282578
inozyme,2,0.00019480651025282578
inzy,2,0.00019480651025282578
powerschool,2,0.00019460755363830907
ether,2,0.00019459045384017694
highland,2,0.00019455422121900378
jefferies,2,0.00019439426193407368
rell,2,0.00019438175690553703
payer,2,0.00019431904746197414
rife,2,0.00019428645900140655
wrongful,2,0.0001942533724104164
chuck,3,0.0001940170059689167
grows,2,0.0001939664581566891
seng,2,0.00019395984167670962
polish,2,0.00019384430266536622
ascending,4,0.00019372936976202375
frequent,2,0.00019361116770651943
intense,2,0.00019361116770651943
texting,2,0.00019360596044083435
menzies,2,0.00019356786070709166
intend,2,0.0001935443520618904
exfy,2,0.00019343640975789486
effective,2,0.00019334489168656004
persists,2,0.00019325941923234774
extension,2,0.00019319672212236266
wifi,2,0.0001927855804048301
samsung,2,0.00019273233957964916
shadow,2,0.00019266132459955237
bellus,2,0.00019261981389211055
fixed,2,0.00019258867439110442
implosion,2,0.000192584160575099
stt,2,0.00019255766992128155
divided,2,0.0001925525601384357
whose,3,0.000192494603456655
declined,2,0.0001924810277772192
sole,2,0.00019246640467999746
dive,2,0.00019242287460283838
corner,2,0.00019239673767728574
permanent,2,0.00019231957784503242
citrix,2,0.00019229178020186457
wedbush,2,0.0001922541998093128
surveyed,2,0.00019217969898910426
patrick,2,0.00019215712127120723
simplify,2,0.00019206762759894206
aggressively,2,0.000191903774298155
takeda,2,0.0001917922223380676
george,2,0.0001917662416384161
dct,2,0.00019173479381815942
extr,2,0.0001916153172377706
farm,2,0.00019152740923124303
mercury,2,0.00019149783016157116
mrcy,2,0.00019149783016157116
vacation,3,0.00019146346380891652
chemical,2,0.00019125877225953332
oi,2,0.00019124757383358104
paddock,2,0.00019124757383358104
improperly,3,0.00019112699968757834
pioneer,2,0.0001910221997205771
maryland,3,0.0001909875263544469
psx,2,0.00019092873047629343
primary,2,0.00019085189295699835
underserved,2,0.00019084378675919664
inflationary,2,0.00019077104897519947
lining,2,0.00019059826200913126
airbnb,2,0.00019054761005833523
advent,2,0.00019031567526993132
cvx,2,0.00019028615227579163
positioned,2,0.00019027671128286276
batesville,2,0.00019022925333890775
hi,2,0.00019022925333890775
hillenbrand,2,0.00019022925333890775
turnover,2,0.0001901839302687664
reporter,2,0.00019007111262384552
managed,2,0.00019005159459553107
pichai,2,0.00018998227403285522
acceptance,2,0.00018980701150155997
tricky,2,0.00018979613525056807
capture,2,0.0001897834985103349
lawyer,3,0.0001895145858683876
bike,2,0.0001894374957506154
stellantis,2,0.00018937379852371753
stla,2,0.00018937379852371753
superpower,2,0.00018936082789053067
lance,2,0.00018916241633698994
iss,2,0.0001891340675926268
passing,2,0.0001890780185528572
abu,2,0.00018905289053876664
dhabi,2,0.00018905289053876664
innovator,2,0.0001890170678916657
stepping,2,0.00018881520057792848
heir,2,0.00018880414848432584
minimal,2,0.00018871777220364226
showcase,2,0.00018869563356187626
ugly,2,0.00018869032040117026
began,3,0.0001886898274415211
starmer,2,0.0001886441534684702
bbwi,2,0.00018847335461698878
un,2,0.00018846895964165722
ballast,2,0.00018827162282252345
spinal,2,0.00018821353235388847
expedited,3,0.00018811928593805263
ryaay,2,0.0001880118700411495
wing,2,0.00018799580633029194
wingstop,2,0.00018799580633029194
bgne,2,0.00018794787180168515
unlock,2,0.00018791621054682853
interested,2,0.00018786612644802216
worried,2,0.0001877852470769367
newly,2,0.00018777757284092097
clogged,2,0.000187468476262042
sage,2,0.0001874538167081014
authorized,2,0.00018735993495374784
pdce,2,0.00018735400952444892
metre,2,0.0001873188596090386
dismiss,2,0.00018729957067002112
mexican,2,0.0001872506299554335
ivz,2,0.0001872258358021617
earth,2,0.00018722435500014435
correction,2,0.00018711288803698408
escaped,2,0.0001867490331618905
lung,2,0.00018669582540345084
injury,2,0.00018665524225187983
submitted,2,0.00018665006451562945
reflects,2,0.00018660746046901468
resolved,3,0.000186585420477784
rehn,2,0.00018658268920033002
mini,2,0.00018656228120552228
proposes,2,0.00018642715047680736
peace,2,0.00018642399660264618
flood,2,0.00018641066325075718
crowd,3,0.0001862907855610364
viral,2,0.00018625358647510648
cum,2,0.00018620973937356265
pfd,2,0.00018620973937356265
riksbank,2,0.000186104180875382
managing,2,0.00018602378219783735
instability,2,0.00018592545740581863
web,2,0.00018575491809105934
chatter,3,0.0001856812097546965
cope,2,0.00018557398347523286
nickel,2,0.0001855042409007605
entrepreneur,2,0.0001854791484215344
afrm,2,0.0001854568745198419
trimmed,2,0.0001854540916276773
wager,2,0.0001854540916276773
unp,3,0.00018520506601529477
tianqi,2,0.00018520125489617146
flewitt,2,0.0001851040159269501
mclaren,2,0.0001851040159269501
juniper,2,0.00018506300710292056
mi,2,0.0001850590214273304
disappointing,2,0.00018501332101780802
bti,2,0.0001848584447112649
hyundai,2,0.00018480443353773176
turquoise,2,0.0001847603538275409
utilization,3,0.00018474071413938318
symptom,2,0.0001846886750332614
advises,2,0.00018462928547376527
dozen,2,0.00018454235213652312
chocolate,2,0.0001845151859525677
nordisk,2,0.00018425721498879923
nvo,2,0.00018425721498879923
liquid,2,0.00018422451542534653
intent,2,0.00018414739710478965
lingering,2,0.00018413514386327346
inched,2,0.00018411887689814184
blockade,2,0.00018392226023689534
slipped,2,0.00018381927306860557
issuer,2,0.0001837481638809875
wynn,2,0.00018373688958111785
accelleron,2,0.00018371414298116786
tree,2,0.00018356633087290332
robotics,2,0.00018348964240276798
jeep,2,0.00018348847404976552
prosecutor,2,0.00018348536199301458
workplace,2,0.00018345010813312397
withstand,2,0.0001833061145887161
kishida,2,0.00018323832953338567
conocophillips,2,0.0001829257795232312
reap,2,0.00018282975637665713
ben,2,0.00018278171759314476
ul,2,0.00018253634537009013
diaper,2,0.0001825135739709293
expanded,2,0.00018246352497048007
aiming,2,0.00018242206882345777
hawkish,2,0.00018233861707354416
funded,2,0.00018229551884057496
adam,2,0.00018209438970325333
descending,3,0.00018200520928304115
eni,2,0.00018198122932865983
isi,2,0.00018192155917853256
angiodynamics,2,0.0001819074086784809
ango,2,0.0001819074086784809
someone,2,0.0001818582658527875
tailwind,2,0.00018178111663998383
pakistan,2,0.00018177402652280744
assaulted,2,0.00018169884069237113
changed,2,0.00018157048519501452
classifier,2,0.00018148602260794076
populous,2,0.00018147972563781854
afternoon,2,0.00018143414268177185
crashed,2,0.00018136848946482707
repaying,2,0.0001813455871475886
historical,3,0.00018131881944204596
exporting,2,0.0001812750443627866
insatiable,2,0.0001812750443627866
thirst,2,0.0001812750443627866
raj,2,0.00018124384246380153
macron,3,0.0001811028943197092
independently,2,0.00018103440862152955
restored,2,0.00018094700081864465
forget,2,0.0001809404065588834
wfg,2,0.00018090792876463427
mobil,2,0.00018079858488496162
mileage,2,0.0001806868960549723
facilitating,2,0.00018062687893546803
conoco,2,0.00018059598863454367
page,2,0.00018055606749476944
men,2,0.0001803646718669499
debelle,3,0.0001803303667217402
stretch,3,0.0001803303667217402
course,2,0.00018026037549963574
gorilla,2,0.00018023878699717722
respectively,3,0.00018022161685933398
darkens,2,0.00018020097428478473
pliant,2,0.0001798932498297586
li,2,0.0001798813075600169
basic,2,0.00017983607856484945
maximize,2,0.00017983143469089966
kweb,2,0.00017962316279688324
stabilize,2,0.0001795538131088924
prepares,2,0.00017928978407032224
slowest,2,0.00017913085753372486
nationalize,2,0.0001790552691571668
incredible,2,0.0001790479366415324
sway,2,0.0001790479366415324
rbc,2,0.00017899492429275857
opioid,2,0.00017877924315647863
secondary,2,0.00017870616115718698
fee,2,0.00017865400825578949
alsi,2,0.00017862048067539016
predictable,2,0.00017859436101423388
impressive,2,0.00017850475525272138
shortfall,2,0.00017848876714453445
intervention,2,0.0001784660793632794
designation,2,0.00017846606453185597
gen,2,0.00017827510005416941
compound,2,0.00017811152684417254
artificial,2,0.0001781081283210336
enteron,2,0.00017810619704104353
terminated,2,0.0001780452986190603
shaky,2,0.00017775794609813537
mile,2,0.0001777569602993129
resolution,2,0.00017768992458806
assistance,3,0.00017747113703128856
rein,2,0.00017745206603410042
proceed,2,0.00017735999595460295
surpassed,2,0.00017731152591633352
necessary,2,0.00017727702134732808
metabolic,2,0.0001772653545864988
status,2,0.00017723140228674962
bxsl,2,0.00017722456288279148
destruction,2,0.00017720877407600136
commvault,2,0.00017713316675395561
cvlt,2,0.00017713316675395561
raymond,2,0.00017699446255169894
relatively,2,0.00017685837622344918
wtfc,2,0.00017684230011634386
abbott,2,0.0001768072403856463
wagering,2,0.00017668723571388824
dpcm,2,0.000176678071797641
slowly,2,0.0001766248045429639
affair,2,0.0001761707238847286
deploy,2,0.00017610129827028072
graphite,2,0.00017600858075287522
nmg,2,0.00017600858075287522
punch,2,0.00017595227711588677
height,2,0.0001759179303059758
digit,2,0.0001758960970389445
gross,2,0.00017581809433594553
abolish,2,0.00017579946632832917
locker,2,0.00017578218984344568
talent,2,0.00017575429511170338
noticed,2,0.00017573583275758196
transit,2,0.0001756794295708944
hr,2,0.00017566631246517564
hta,2,0.00017566631246517564
dosed,2,0.00017562435135511773
floating,2,0.00017561147651024787
deloitte,2,0.00017560214148173615
epidemic,2,0.00017537912330939918
thecfosurvey,3,0.00017521571271983258
responsible,2,0.00017519750917376092
beige,2,0.00017511625190832608
utilize,2,0.0001750657217047262
presented,2,0.0001750167424073801
delivered,2,0.00017494374200539994
zealand,2,0.00017491539402458514
alberta,2,0.0001748173791948714
advised,2,0.00017481540196765297
byd,2,0.0001747720943715412
byddf,2,0.0001747720943715412
byddy,2,0.0001747720943715412
slower,2,0.00017461402304470513
slight,2,0.00017440739776530313
maiden,2,0.00017424390340051816
elsewhere,2,0.00017411283502071363
combating,2,0.0001739930148749253
enforce,2,0.000173778496728952
lol,2,0.0001736932995695944
mpc,2,0.0001736387812634244
innoviva,2,0.000173599074844229
inva,2,0.000173599074844229
finale,2,0.00017358952683796118
expertise,2,0.00017348017385794635
influential,2,0.00017346151023673765
savoy,2,0.00017346151023673765
captain,2,0.00017333189307512176
holocaust,2,0.0001732958075780366
memorial,2,0.0001732958075780366
wreath,2,0.0001732958075780366
choosing,2,0.00017318829552226536
psny,2,0.00017313765786106762
extra,2,0.00017311565239446462
hrb,2,0.00017303822501354152
maldives,2,0.0001730067672645533
reducing,2,0.00017292839797791718
breach,2,0.00017284053618111872
arkw,2,0.00017260434856788373
flagging,2,0.00017246981233869093
gaining,2,0.0001724647078128477
lie,2,0.00017242587130687293
scramble,2,0.00017241897312075756
shel,2,0.00017240674340669466
signaled,2,0.00017239808113581943
substantial,2,0.00017235926027585953
refuge,2,0.0001723524466186279
experienced,2,0.0001723383297469083
supplying,2,0.00017221542667817812
trouble,2,0.00017217026905449898
steam,2,0.00017216785684762799
brought,2,0.00017211840991134236
recommends,2,0.0001720579887464213
prospective,2,0.00017202967150827078
ballot,2,0.00017195015602136448
ge,2,0.0001718555229889752
nahb,2,0.00017179250537954267
capitulation,2,0.00017175355606520698
gd,2,0.00017173061431176973
bwa,2,0.00017159341583509267
replace,2,0.00017149966300943927
eadsy,2,0.00017145949038611176
relying,2,0.00017142610535573726
meal,2,0.00017120088050854107
database,2,0.00017117522791625399
modernize,2,0.00017114994996561967
refinance,2,0.00017110954538991302
imminent,2,0.00017099562058424546
soybean,2,0.0001707044449085765
broader,2,0.00017066276057940255
usdx,2,0.00017064826485440728
lend,2,0.0001705962167906006
automaker,2,0.00017056066933462296
everbridge,2,0.00017052142054215012
unchanged,3,0.00017047335864530872
threatened,2,0.00017038576967301017
retired,2,0.00017020192592779346
labeled,2,0.00017018246972903464
repeating,2,0.00017018246972903464
clan,2,0.00017010233917557027
wanted,2,0.00017000677408334766
extremist,2,0.00016993454597201256
quickening,2,0.0001698864510252915
deflationary,2,0.00016985222806114683
didiy,2,0.00016975294503758265
rackspace,2,0.00016963291684234105
rxt,2,0.00016963291684234105
dairy,2,0.00016945304366297885
bail,2,0.00016943630855632225
mentioned,2,0.00016937555075474624
allegedly,3,0.00016936677003651587
unsettling,2,0.0001693474171282276
arizona,2,0.00016931308230099372
defends,2,0.00016930189488943958
bhd,2,0.00016928750778150527
cpri,2,0.00016927708942958994
defended,2,0.00016909843552486662
aclx,2,0.00016901932744428758
hlf,2,0.00016901294962581146
able,2,0.00016898406864506604
debating,2,0.00016895521091496029
bali,2,0.00016890243948040635
identify,2,0.00016888209139601643
polestar,2,0.00016887363247114235
risky,2,0.00016880671501753248
eighth,2,0.00016867369117509637
ryan,2,0.00016861968386652564
teacher,2,0.00016861460111123035
done,2,0.0001686142792969065
prevent,2,0.0001685238926537464
smaller,2,0.00016852365808408173
renazorb,2,0.00016837675045965403
uncy,2,0.00016837675045965403
cryptocurrencies,2,0.00016833544207069681
bap,2,0.00016831729808123008
recommend,2,0.00016825813968633424
raimondo,2,0.00016825408426998347
obstacle,2,0.00016823597783275217
manufacture,2,0.00016815675454635794
ship,2,0.00016813714714462218
ewbc,2,0.00016812295847454183
mentality,2,0.0001681165530928195
stark,2,0.0001681165530928195
zell,2,0.0001681165530928195
doctor,2,0.00016810218925060957
tgt,2,0.00016807263059005306
initiated,2,0.00016802336331776615
angola,2,0.00016799005452114828
rethink,2,0.00016799000790895054
aside,2,0.00016793382411951882
heathrow,2,0.00016787480324726583
silgan,2,0.00016784903193780144
fish,2,0.00016784061392472534
declared,2,0.0001677771251803198
beginning,2,0.00016773920834892633
vinyl,2,0.0001677166616081494
playing,2,0.00016771018609503078
tight,2,0.00016766307901474911
culture,2,0.0001676182352018591
qgen,2,0.00016752852028482665
embattled,2,0.00016747626343552752
lone,2,0.00016740019744078226
fit,2,0.0001673615537069288
kroger,2,0.0001673615537069288
seamlessly,2,0.0001673615537069288
volta,2,0.0001673615537069288
hover,2,0.00016732693063783608
bogus,2,0.0001672452105001914
follower,2,0.00016713046811190453
awkward,2,0.00016699705848398968
mellitah,2,0.00016697889869775307
drag,2,0.00016695588978277826
profitability,2,0.00016688273956441273
persist,2,0.0001668575884831753
haleon,2,0.0001668529221081538
minority,2,0.0001667447935962571
dimon,2,0.00016668721198457144
novel,2,0.0001666384431839056
gsbc,2,0.0001665201874469952
stld,2,0.00016646554550466246
telehealth,2,0.0001663744756445955
mess,2,0.00016607159771331835
wounded,2,0.00016598757953872813
perform,2,0.00016598044527416585
roiling,2,0.00016593415374835288
structural,2,0.00016581769905170299
outstanding,2,0.00016581294249557702
addressing,2,0.0001657178608280136
scoop,2,0.00016569062752167424
cashed,2,0.0001656525297574049
voting,2,0.00016565179090450362
predicting,2,0.00016561454352117253
choppy,2,0.00016558520842503834
stress,2,0.00016556532572438535
undermine,2,0.00016555633870787482
performer,2,0.00016555085438328215
curtailing,2,0.00016546288539613164
reversed,2,0.00016544479660169465
rxdx,2,0.00016509196029937422
searing,2,0.0001650526174651437
jumbo,2,0.00016505206109186996
fly,2,0.00016493536119862478
kremlin,2,0.000164908475990937
dodge,2,0.00016485403909831777
certain,2,0.000164853798956241
fan,2,0.00016480750133644436
cup,2,0.00016472656688897377
tabletop,2,0.00016463557448422739
cooky,2,0.0001645915329290114
snack,2,0.0001645915329290114
darkening,2,0.00016443848076015636
seasonal,2,0.00016442734127438053
spoke,2,0.0001643566322380909
hurt,2,0.0001643425655794124
scandal,2,0.00016430730925454538
weighs,2,0.000164227594610679
apparent,2,0.00016419442973963477
homeland,2,0.00016414902325161758
prompted,2,0.00016414848181334652
indiana,2,0.00016408915040723405
robot,2,0.000164077339216446
incredibly,2,0.00016403044470513002
gascade,2,0.0001634652565221012
wizz,2,0.00016329604622586098
undoing,2,0.00016324306766259917
carnival,2,0.0001632147477881534
tire,2,0.00016320996603050392
trv,2,0.00016295004717925085
reluctant,2,0.00016273064028140633
redfin,2,0.0001627160064269354
roughly,2,0.0001627160064269354
emitter,2,0.00016263651712106932
greenhouse,2,0.00016263651712106932
hilcorp,2,0.00016263651712106932
frontier,2,0.00016249334672094177
centre,2,0.00016245356066739615
geely,2,0.0001623898582826717
jnj,3,0.0001623254808794844
gnrc,2,0.00016232098300274396
tellurian,2,0.00016230865497270656
opex,2,0.00016221388100483237
exceed,2,0.00016218477673049216
death,2,0.0001620810925792193
interface,2,0.00016176547074547095
islamic,2,0.00016175437768390337
gather,2,0.00016172234580449828
charles,2,0.00016157118673572554
tension,2,0.00016152843971171176
prototype,2,0.00016143126968346758
lifting,2,0.00016137682357713078
sparked,2,0.00016135165856316213
sustained,2,0.00016132792166621327
category,2,0.00016120633140231694
inquiry,2,0.00016111078570637478
poland,2,0.00016102284418585298
shooting,2,0.00016099919866725907
oldest,2,0.00016097828910836164
widespread,2,0.00016092072154490916
abloy,2,0.0001608759777355459
asazy,2,0.0001608759777355459
assa,2,0.0001608759777355459
navigating,2,0.00016083328904498216
mounting,2,0.0001607490675426197
flagship,2,0.00016072461650901913
composite,2,0.00016056979084126146
streak,2,0.00016052919753807457
aligns,2,0.00016051691055447788
cck,2,0.0001602033901436339
afflict,2,0.00016006876473578145
hampered,2,0.0001600597719923113
effectively,2,0.00016002596963873785
vital,2,0.00016002596963873785
milk,2,0.00016002069194531024
syn,2,0.00016001651600267762
chipmakers,2,0.00015984152134354112
stockholm,2,0.0001598174604797948
dod,2,0.00015977956458713218
overhaul,2,0.00015972317941531977
ftci,2,0.00015967055275845036
boast,2,0.00015962420472716602
swelling,2,0.00015962420472716602
poor,2,0.00015954840472650667
deadly,2,0.0001594875503694405
mmc,2,0.00015940902719671933
installation,2,0.0001592979325876623
mf,2,0.00015928281568729826
missfresh,2,0.00015928281568729826
claure,2,0.00015919279346577518
marcelo,2,0.00015919279346577518
formed,2,0.00015911744371470274
fortune,2,0.00015906968292195615
nadhim,2,0.0001590442349586321
finish,2,0.00015902870645572933
liu,2,0.00015894123264284413
glbs,2,0.00015892314857746272
tally,2,0.00015889906738202926
vying,2,0.00015885699639225692
grab,2,0.00015881786327605826
lstr,2,0.0001586015673548711
deliveroo,2,0.00015859865700536242
spiraling,2,0.00015859168724762553
underscoring,2,0.00015859168724762553
lingers,2,0.00015849026943928182
wasting,2,0.00015847211400846976
shrunk,2,0.00015841910489851574
straining,2,0.00015841910489851574
jury,2,0.00015833611139944956
mechanism,2,0.00015826247767306047
untenable,2,0.0001582456330887807
hban,2,0.00015824457618168674
pxd,2,0.00015814466349816503
fled,2,0.0001581438805338937
repair,2,0.00015811317483710208
telling,2,0.0001580366172692975
walmart,2,0.00015803525412559142
caught,2,0.00015784710100714793
string,2,0.0001577024094601677
engie,2,0.00015759323911782784
ron,2,0.0001575315760809957
geopolitical,2,0.0001574213831929804
raphael,2,0.000157297041990421
howard,2,0.00015727823958711648
xm,2,0.00015725152965796355
clearing,2,0.00015712910794465313
unproven,2,0.00015707196239266992
washing,2,0.00015707196239266992
voluntary,2,0.00015662935510330443
epic,2,0.00015662147942842493
manipulation,2,0.0001563643389154138
nancy,2,0.00015634647067744328
handful,2,0.00015630936678611373
remainder,2,0.00015629213625511178
territory,2,0.0001561441986435917
netherlands,2,0.00015601235217670042
rsi,2,0.00015596732023592645
funeral,2,0.00015582699666729928
megacap,2,0.00015580847772110335
murder,2,0.00015575462512672724
exacerbated,2,0.000155657436321572
retailing,2,0.0001556006788348651
iqv,2,0.00015548952685837052
decrease,2,0.00015545033684821876
brother,2,0.00015537496464816572
evidence,2,0.0001553120479028934
nasa,2,0.00015528454699470864
tph,2,0.00015519761480723066
lobbying,2,0.00015503356871250163
vale,2,0.00015496830116492293
tumbling,2,0.00015490423434611126
titan,2,0.0001548682160063152
nico,2,0.00015465438982104632
catastrophic,2,0.00015464611159277423
pledging,2,0.00015463861426755682
dx,2,0.00015455583872357753
synaps,2,0.00015455583872357753
goev,2,0.00015454104672710467
wmt,2,0.00015454104672710467
richard,2,0.0001544220741419726
fend,2,0.00015423476469797324
cci,2,0.00015421984391689118
shared,2,0.000154190505943227
lgvn,2,0.00015414559220153015
flee,2,0.000154099552390785
scientist,2,0.00015409043113823233
smallest,2,0.0001540720270555604
nearing,2,0.00015406387875363224
cdc,2,0.00015402632368130624
loved,2,0.00015400337223646102
slavery,2,0.0001539658721830906
reliance,2,0.00015393940135216102
organization,2,0.00015390242748895047
crackdown,2,0.00015366537979643528
bruising,2,0.00015350056720966847
hal,2,0.0001534550213246252
bhp,2,0.0001534419010335045
financialmarkets,2,0.00015298077860862553
montréal,2,0.00015298077860862553
pleased,2,0.00015298077860862553
totalreturnsectorindexfutures,2,0.00015298077860862553
hri,2,0.0001528902426198105
ape,2,0.0001527651721114023
taming,2,0.0001526586036519338
nothing,2,0.0001526017396823058
saturday,2,0.00015254890707996536
agent,2,0.0001524815485033224
waller,2,0.00015246118959261779
drastically,2,0.00015246088255016778
bullard,2,0.000152391509786202
unused,2,0.00015228421186274342
wake,2,0.0001521357034853665
paid,2,0.00015196280285125657
complex,2,0.00015195000071828018
count,2,0.00015188312869866109
nationwide,2,0.00015179448382150978
allowed,2,0.00015178696156469075
gang,2,0.00015155830760590262
yi,2,0.00015155830760590262
commit,2,0.0001514351005952931
amtd,2,0.0001513605259963969
plight,2,0.0001513567418530984
represented,2,0.0001513567418530984
canoo,2,0.00015129938706473947
episode,2,0.00015123399773983424
nascent,2,0.0001511005220807682
illegally,2,0.00015096772109144356
fact,2,0.0001509071004523038
mainly,2,0.00015088483927051065
drone,2,0.00015083215920021643
fireball,2,0.00015079907655278922
declaring,2,0.00015060277116205905
glancy,2,0.00015055138943359032
murray,2,0.00015055138943359032
prongay,2,0.00015055138943359032
indication,2,0.00015047594888465698
theme,2,0.00015033149122079572
independence,2,0.00015032234441411646
shackle,2,0.00015026489065223805
thrown,2,0.00015026489065223805
violence,2,0.0001501647721954273
alarmed,2,0.00015004900123768706
ytd,2,0.00014999827672739646
highlighted,2,0.00014994148232050182
stone,2,0.00014984050923975395
carmaking,2,0.00014978071555195194
airshow,2,0.00014966645328785236
farnborough,2,0.00014966645328785236
although,2,0.0001495668541659724
bastian,2,0.00014953520788014613
ed,2,0.00014953520788014613
bipartisan,2,0.0001494934893950825
proceeds,2,0.0001494735347586299
throwing,2,0.00014931278001904146
remark,2,0.0001493105770718153
stephen,2,0.00014929656590163134
strengthening,2,0.00014922380389871979
advice,2,0.00014918709534191736
continuing,2,0.0001490898700270069
iranian,2,0.00014899410383161264
backsliding,2,0.00014893736408066945
introduce,2,0.00014875991366698768
voted,2,0.000148732744180424
sensitive,2,0.00014866664716585554
algo,2,0.00014864934107236116
fool,2,0.00014864934107236116
conf,2,0.00014862061540673758
rocked,2,0.00014853939357454562
tumbled,2,0.00014847379624669395
cooperating,2,0.00014847119644192093
braced,2,0.0001484137670684324
bytedance,2,0.00014814088964734998
longest,2,0.00014813199951335101
guaranteeing,2,0.00014813127575592062
nsc,2,0.00014804485685263212
thailand,2,0.00014793445795713617
rejected,2,0.00014790117214696645
abandoned,2,0.0001477750956922351
brian,2,0.0001477081630829075
camera,2,0.00014760286166008593
shot,2,0.00014750563939920866
bollore,2,0.0001472134178405418
formally,2,0.0001471288235876757
yuan,2,0.00014700771179676836
flush,2,0.0001470076717893308
tenure,2,0.0001469914414987866
activism,2,0.0001466361814422039
art,2,0.0001466361814422039
artist,2,0.0001466361814422039
literature,2,0.0001466361814422039
scrutinized,2,0.0001466361814422039
suppressed,2,0.0001466361814422039
levy,2,0.00014661676273639842
czr,2,0.00014630030169839113
inroad,2,0.00014618806642122212
marked,2,0.0001461362984803001
maintain,2,0.00014607211993548908
om,2,0.00014592003499013277
outset,2,0.00014592003499013277
hiv,2,0.0001459172708817692
marketwatch,2,0.00014591083685191775
deposition,2,0.0001456217635042086
pointing,2,0.00014548115232728868
keeper,2,0.00014536484806952876
diplomacy,2,0.0001449954161952989
shipper,2,0.00014496885804829307
sunflower,2,0.00014496885804829307
pessimistic,2,0.00014488409907106138
pageone,2,0.00014482886537951667
draft,2,0.00014476437349396676
collection,2,0.00014447365643886702
quarantine,2,0.0001444293335764021
counting,2,0.00014439125025063386
consultant,2,0.0001443220280528974
jetblue,2,0.0001442253936883201
midterm,2,0.00014420782604690488
ng,2,0.00014414513104954514
throttle,2,0.0001441363668892155
ivana,2,0.00014407270685706932
avg,2,0.0001437121658649819
sought,2,0.00014360733737398996
stocked,2,0.0001433467955086309
bee,2,0.00014318237122212807
hive,2,0.00014318237122212807
honey,2,0.00014318237122212807
mite,2,0.00014318237122212807
relax,2,0.00014318237122212807
propose,2,0.0001431561441386932
unpaid,2,0.0001431549367216262
shortly,2,0.0001428281032190105
prompt,2,0.00014267792147338264
salary,2,0.00014245646795442606
sonia,2,0.0001424342347296791
syngal,2,0.0001424342347296791
drew,2,0.00014236406768499348
erring,2,0.00014217933854772434
latter,2,0.00014217933854772434
maturity,2,0.00014217933854772434
templeton,2,0.00014217933854772434
cns,2,0.00014201408050416674
nnn,2,0.00014185879878731748
osc,3,0.0001417787606577894
cemented,2,0.0001417534804544295
determine,2,0.00014166218359322325
frontrunner,2,0.0001412943005031338
colb,2,0.00014101393595925503
align,2,0.00014092757210277276
survival,2,0.0001409088250880307
colombia,2,0.00014065773598517632
outfit,2,0.00014062015306053787
recreating,2,0.00014062015306053787
thatcher,2,0.00014062015306053787
airplane,2,0.00014015420037871956
hulking,2,0.00014015420037871956
jetliner,2,0.00014015420037871956
cet,2,0.00014006369453279448
tip,2,0.00013978817810409385
massachusetts,2,0.0001396923616171564
discounted,2,0.00013961198494399942
rationing,2,0.00013938879171730077
slb,2,0.00013936352428279522
conduct,2,0.00013919903282131634
consistently,2,0.0001388819468666991
drove,2,0.00013886301736761557
apo,2,0.0001388566169595017
climbing,2,0.00013837543141663098
scammed,2,0.00013818022248489027
spoofing,2,0.00013818022248489027
brad,2,0.00013814595876009093
katrina,2,0.00013814595876009093
pierson,2,0.00013814595876009093
involved,2,0.00013792120889850678
pressing,2,0.000137826326289909
deceptive,2,0.00013750968526792364
prepaid,2,0.00013750968526792364
letup,2,0.00013725521967139848
slowed,2,0.00013725521967139848
tightly,2,0.00013724082686941295
overturned,2,0.0001371599203981491
eia,2,0.00013705840835974528
summoned,2,0.0001366824071879438
theft,2,0.0001366824071879438
coordinate,2,0.00013667713867110355
dec,2,0.00013667713867110355
motivated,2,0.00013667713867110355
oathkeepers,2,0.00013667713867110355
proud,2,0.00013667713867110355
agricultural,2,0.00013656748888751896
refrain,2,0.00013643641642608023
wider,2,0.00013635375207576636
taxpayer,2,0.00013592717484925838
electoral,2,0.00013496732037936084
jobless,2,0.00013485999261611986
inv,3,0.0001347461501626798
xlv,2,0.00013459747580787945
vlo,2,0.00013459536470361813
median,2,0.0001345047925222312
hefty,2,0.00013449846970606743
colorado,2,0.00013442376325831698
overture,2,0.00013442376325831698
adult,2,0.00013374412184380578
mask,2,0.00013355670028279324
repo,2,0.00013350440876184726
transgender,2,0.00013338352084424086
outcome,2,0.000133188558715981
khashoggi,2,0.00013231216806526861
son,2,0.00013223742284754748
removed,2,0.0001321720564888667
declare,2,0.00013210449955133847
returning,2,0.00013072606193755
dissented,2,0.00013065318945064023
esther,2,0.00013065318945064023
kansa,2,0.00013065318945064023
rsp,2,0.00013028608398651996
xlc,2,0.00013028608398651996
chrw,2,0.00013023196825109767
expd,2,0.00013023196825109767
cushion,2,0.00012981309748159755
bin,2,0.0001297624366491691
mohammed,2,0.0001297624366491691
salman,2,0.0001297624366491691
pboc,2,0.00012969250769362202
onem,2,0.00012957377057263233
offshore,2,0.0001293663936607512
incentive,2,0.0001284806210463596
fruitful,2,0.0001282827635192092
myriad,2,0.0001282827635192092
tackling,2,0.0001282827635192092
touting,2,0.0001282827635192092
underscored,2,0.0001282827635192092
unfairly,2,0.00012765632834397153
warp,2,0.00012765632834397153
type,2,0.00012558169516507236
bx,2,0.00012542799705327512
gsk,2,0.00012508504316839633
deserved,2,0.00012121671753864889
btc,2,0.00012075872330497288
macroeconomist,2,0.0001206492196653095
crc,2,0.00011642019248048926
den,2,0.00011642019248048926
ballplayer,2,0.0001071160165373122
baseball,2,0.0001071160165373122
exploit,2,0.0001071160165373122
knowing,2,0.0001071160165373122
peanut,2,0.0001071160165373122
flouted,2,0.00010641339377689236
globally,2,0.00010641339377689236
leaked,2,0.00010641339377689236
lobby,2,0.00010641339377689236
seic,2,0.00010552353936866047
eligible,2,0.0001051299982711581
thurs,2,0.00010307662603819374
overbought,2,9.998337298491679e-05
st,2,9.998337298491679e-05
flash,2,9.968477940023512e-05
mon,2,9.592392419533464e-05
tu,2,9.592392419533464e-05
nat,2,9.091081117253657e-05
ism,2,8.687981224882581e-05
